Key,Français,Breton,English,German,Portuguese,Italian,Spanish
POLISSAGE_DE_COUILLES,Polissage de couilles,Luskañ dre vell,Nuts Polishing,Kugelpolieren,Polimento de bola,Lucidatura delle sfere,Pulido de bolas
RYAN,Ryan,Ryan,Ryan,Ryan,Ryan,Ryan,ryan
RAPH,Raphael,Raphael,Raphael,Raphael,Rafael,Raffaello,Rafael
TEDDY,Teddy,Teddy,Teddy,Teddy,pelúcia,orsacchiotto,osito de peluche
SULI,Sulivan,Sulivan,Sulivan,Sulivan,Sulivan,Sulivan,Suliván
ANTOINE,Antoine,Anthony,Antoine,Antonius,Antônio,Antonio,Antonio
TRANSLATED_SAUCISSE,Saucisse,Silzig,Sausage,Wurst,Salsicha,Salsiccia,Embutido
UI_BUTTON_SKIP,Passer,Dilezel,Pass,Passieren,Passar,Passaggio,Aprobar
UI_BUTTON_EXIT,Fermer,Serriñ,Close,Schließen,Fechar,Vicino,Cerca
UI_BUTTON_RETURN,Retour,Kein,Back,Zurück,Voltar,Indietro,Atrás
UI_BUTTON_PLAY,Jouer,Choari,Play,Spielen,Jogar,Giocare,Jugar
UI_BUTTON_CONTINUE,Continuer,Kenderc'hel,Continue,Weitermachen,Continuar,Continuare,Continuar
UI_BUTTON_QUIT,Quitter,Evit mont kuit,To leave,Gehen,Para sair,Andarsene,dejar
UI_BUTTON_OPTION,Option,Dibarzh,Option,Option,Opção,Opzione,Opción
UI_TITLE_PAUSE,[f]Pause,[f]Terriñ,[f]Pause,[f]Pause,[f]Pausa,[f]Pausa,[f]Pausa
UI_TITLE_OPTION,Option,Dibarzh,Option,Option,Opção,Opzione,Opción
UI_TITLE_KEY,Touche,Alc'hwezioù,Touch,Berühren,Tocar,Tocco,Tocar
UI_BUTTON_KEY,Changer les touches,Cheñch alc'hwezioù,Change keys,Schlüssel ändern,Alterar chaves,Cambiare chiavi,Cambiar claves
UI_TITLE_GRAPHICS,Graphisme,Grafikoù,Graphics,Grafik,Gráficos,Grafica,Gráficos
UI_TITLE_GRAPHICS_FULLSCREEN,Plein écran,Skramm a-bezh,Full screen,Vollbild,Tela cheia,A schermo intero,Pantalla completa
UI_TITLE_GRAPHICS_RESOLUTION,Résolution,Mennad,Resolution,Auflösung,Resolução,Risoluzione,Resolución
UI_TITLE_GRAPHICS_QUALITY,Qualité,Kalite,Quality,Qualität,Qualidade,Qualità,Calidad
UI_TITLE_LANGUAGE,Langue,Yezh,Language,Sprache,Linguagem,Lingua,Idioma
UI_TITLE_AUDIO,Audio,Klevet,Audio,Audio,Áudio,Audio,Audio
UI_TITLE_AUDIO_MUSIC,Musique,Sonerezh,Music,Musik,Música,Musica,Música
UI_TITLE_AUDIO_VOICE,Voix,Mouezh,Voice,Stimme,Voz,Voce,Voz
UI_TITLE_AUDIO_VFX,VFX,VFX,VFX,VFX,Efeitos visuais,Effetti visivi,efectos visuales
UI_TITLE_AUDIO_MASTER,Génèral,Hollek,General,Allgemein,Em geral,Generale,General
PNJ_UI_INTERACTION,PARLER A,KOMZ GANT,TALK TO,SPRECHEN SIE MIT,FALAR COM,PARLA CON,HABLAR A
MEMORY_UI_CHOICE,RECUPERER ? ,DA ADADAPTIÑ,TO RECOVER ? ,SICH ERHOLEN? ,PARA RECUPERAR? ,RECUPERARE? ,¿RECUPERARSE? 
MEMORY_UI_CHOICE_1,ACCEPTER,ASANTIÑ,ACCEPT,AKZEPTIEREN,ACEITAR,ACCETTARE,ACEPTAR
MEMORY_UI_CHOICE_2,REFUSER,NAC'HAÑ,REFUSE,VERWEIGERN,RECUSAR,RIFIUTARE,RECHAZAR
NARRATEUR_NAME,Narrateur,Daneveller,Narrator,Erzähler,Narrador,Narratore,Narrador
NARRATEUR_ACT_1_DIALOGUE_RIAGAD_MILLIE_1,([EWEN_NAME] ne bouge pas),([EWEN_NAME] ne fiñv ket),([EWEN_NAME] does not move),([EWEN_NAME] bewegt sich nicht),([EWEN_NAME] não se move),([EWEN_NAME] non si muove),([EWEN_NAME] no se mueve)
NARRATEUR_ACT_1_DIALOGUE_RIAGAD_MILLIE_2,([RIAGAD_NAME]  s’impatiente),([RIAGAD_NAME] a zeu da vezañ dic'hoant),([RIAGAD_NAME] gets impatient),([RIAGAD_NAME] wird ungeduldig),([RIAGAD_NAME] fica impaciente),([RIAGAD_NAME] diventa impaziente),([RIAGAD_NAME] se impacienta)
NARRATEUR_ACT_1_DIALOGUE_RIAGAD_MILLIE_3,([RIAGAD_NAME] met sa main sur son épée),([RIAGAD_NAME] a laka e zorn war e gleze),([RIAGAD_NAME] puts his hand on his sword),([RIAGAD_NAME] legt seine Hand auf sein Schwert),([RIAGAD_NAME] coloca a mão na espada),([RIAGAD_NAME] mette la mano sulla spada),([RIAGAD_NAME] pone su mano sobre su espada)
NARRATEUR_ACT_1_DIALOGUE_RIAGAD_MILLIE_4,([MILLIE_NAME] fait signe à [EWEN_NAME] qu’il peut entrer),([MILLIE_NAME] a ro sin da [EWEN_NAME] e c'hall mont e-barzh),([MILLIE_NAME] signals to [EWEN_NAME] that he can enter),([MILLIE_NAME] signalisiert [EWEN_NAME][V] dass er eintreten kann),([MILLIE_NAME] sinaliza para [EWEN_NAME] que ele pode entrar),([MILLIE_NAME] segnala a [EWEN_NAME] che può entrare),([MILLIE_NAME] le indica a [EWEN_NAME] que puede ingresar)
NARRATEUR_ACT_1_DIALOGUE_RIAGAD_MILLIE_5,([MILLIE_NAME] souri à [RIAGAD_NAME]),([MILLIE_NAME] a c'hoarzhas ouzh [RIAGAD_NAME]),([MILLIE_NAME] smiled at [RIAGAD_NAME]),([MILLIE_NAME] lächelte [RIAGAD_NAME] an),([MILLIE_NAME] sorriu para [RIAGAD_NAME]),([MILLIE_NAME] ha sorriso a [RIAGAD_NAME]),([MILLIE_NAME] le sonrió a [RIAGAD_NAME])
NARRATEUR_ACT_1_DIALOGUE_ROZENN_1,([ROZENN_NAME] vous offre une rose[V] un grand sourire aux lèvres),([ROZENN_NAME] a ginnig deoc'h ur rozenn[V] ur mousc'hoarzh bras war he dremm),([ROZENN_NAME] gives you a rose[V] a big smile on your face),([ROZENN_NAME] schenkt dir eine Rose[V] ein breites Lächeln auf deinem Gesicht),([ROZENN_NAME] lhe dá uma rosa[V] com um grande sorriso no rosto),([ROZENN_NAME] ti regala una rosa[V] un grande sorriso sul tuo viso),([ROZENN_NAME] te regala una rosa[V] una gran sonrisa en tu cara)
NARRATEUR_ACT_1_DIALOGUE_VASAT_1,(Vous ne devriez peut-être pas le déranger dans son travail),(Marteze ne zlefec'h ket e zistreiñ diouzh e labour),(Maybe you shouldn't disturb him from his work),(Vielleicht solltest du ihn nicht bei seiner Arbeit stören),(Talvez você não devesse incomodá-lo em seu trabalho),(Forse non dovresti disturbarlo dal suo lavoro),(Tal vez no deberías molestarlo en su trabajo)
NARRATEUR_ACT_1_DIALOGUE_VASAT_2,(Il semble dans ses pensées et ne pas vous prêter attention),(Seblantout a ra bezañ o prederiañ ha ne ra ket evezh ouzhoc'h),(He seems in thought and not paying attention to you),(Er scheint in Gedanken zu sein und dir keine Aufmerksamkeit zu schenken),(Ele parece estar pensando e não prestando atenção em você),(Sembra pensieroso e non ti presta attenzione),(Parece estar pensando y no prestarte atención)
NARRATEUR_ACT_1_DIALOGUE_NEVENA_1,([NEVENA_NAME] semble captiver par ce qu'elle voit dans sa lunette),([NEVENA_NAME] a seblant bezañ bamet gant ar pezh a wel en he skouer),([NEVENA_NAME] seems captivated by what she sees through her telescope),([NEVENA_NAME] scheint fasziniert von dem[V] was sie durch ihr Teleskop sieht),([NEVENA_NAME] parece cativada pelo que vê através de seu telescópio),([NEVENA_NAME] sembra affascinata da ciò che vede attraverso il suo telescopio),([NEVENA_NAME] parece cautivada por lo que ve a través de su telescopio)
NARRATEUR_ACT_1_DIALOGUE_DRUSTAN_1,([DRUSTAN_NAME] a l'air concentré dans ce qu'il fait),([DRUSTAN_NAME] a seblant bezañ evezhiek ouzh ar pezh a ra),([DRUSTAN_NAME] looks focused in what he is doing),([DRUSTAN_NAME] scheint bei dem[V] was er tut[V] konzentriert zu sein),([DRUSTAN_NAME] parece focado no que está fazendo),([DRUSTAN_NAME] sembra concentrato in quello che sta facendo),([DRUSTAN_NAME] parece concentrado en lo que está haciendo)
NARRATEUR_ACT_1_DIALOGUE_SCHUCHTERNE_1,(Elle ne semble pas vous prêter attention) ,(War a seblant ne ra ket evezh ouzhit),(She doesn't seem to be paying attention to you) ,(Sie scheint dir keine Aufmerksamkeit zu schenken) ,(Ela não parece estar prestando atenção em você) ,(Sembra che non ti presti attenzione) ,(Ella no parece estar prestándote atención) 
NARRATEUR_ACT_1_DIALOGUE_AZEL_DENEZ_1,(Vous voyez un homme mal en point[V] accroché au bord du puits.),(Gwelet a rez eun den fall e stad[V] krog war ribl ar puñs).,(You see a man in bad shape [V] hanging on the edge of the well.),(Sie sehen einen Mann in schlechter Verfassung [V][V] der am Rand des Brunnens hängt.),(Você vê um homem em péssimo estado [V] pendurado na beira do poço.),(Si vede un uomo in cattive condizioni [V] appeso al bordo del pozzo.),(Se ve a un hombre en mal estado [V] colgado al borde del pozo.)
NARRATEUR_ACT_1_DIALOGUE_AZEL_DENEZ_2,Il semblerait que Denez ne soit pas très attentif,War a seblant n'eo ket gwall aketus Denez,It seems that Denez is not very attentive,Es scheint[V] dass Denez nicht sehr aufmerksam ist,Parece que Denez não está muito atento,Sembra che Denez non sia molto attento,Parece que Denez no está muy atento.
EWEN_NAME,Ewen,Ewen,Ewen,Ewen,Ewen,Ewen,ewen
EWEN_DIALOGUE_0_1,...,...,...,...,...,...,...
EWEN_DIALOGUE_0_2,!,!,!,!,!,!,!
EWEN_DIALOGUE_0_3,Ah...,Ah...,Oh...,Oh...,Oh...,OH...,Oh...
EWEN_ACT_1_DIALOGUE_OMBRE_1,Pourquoi me parler de tout ça ?,Perak kontañ din eus kement-se ?,Why tell me about all this?,Warum erzählst du mir das alles?,Por que me contar sobre tudo isso?,Perché raccontarmi tutto questo?,¿Por qué contarme todo esto?
EWEN_ACT_1_DIALOGUE_GARDIENNE_1,...Comment ça ?,... Penaos ?,...How so ?,...Wie so ?,...Como assim?,...Come mai ?,...Cómo es eso ?
OMBRE_NAME,[#3d3243]L'Ombre Reflet[/#],[#3d3243]Ar Skeudenn Skeud[/#],[#3d3243]The Shadow Reflection[/#],[#3d3243]Die Schattenreflexion[/#],[#3d3243]O reflexo da sombra[/#],[#3d3243]Il riflesso dell'ombra[/#],[#3d3243]El reflejo de la sombra[/#]
OMBRE_ACT_1_DIALOGUE_1_1,Hey ! Oui toi[V] approche.,Salud! Ya c'hwi[V] tostait.,Hey! Yes you[V] approach.,Hey! Ja[V] Sie nähern sich.,Ei! Sim[V] você [V] se aproxima.,EHI! Sì[V] tu [V] ti avvicini.,¡Ey! Sí[V] te acercas.
OMBRE_ACT_1_DIALOGUE_1_2,Tu dois être bien perdu dis-moi ?,Ret eo deoc'h bezañ gwall gollet[V] lavarit din ?,You must be very lost[V] tell me?,Du musst sehr verloren sein[V] sag es mir?,Você deve estar muito perdido[V] me conta?,Devi essere molto perso[V] dimmi?,Debes estar muy perdido[V] ¿dime?
OMBRE_ACT_1_CHOICE_1_1,Oui,Ya,Yes,Ja,Sim,SÌ,Sí
OMBRE_ACT_1_CHOICE_1_2,...,...,...,...,...,...,...
OMBRE_ACT_1_DIALOGUE_1_3,Laisse moi t'aider à éclaircir tes doutes.,Lakait ac'hanon da sikour ac'hanoc'h da ziverkañ ho douetañsoù.,Let me help you clear your doubts.,Ich helfe Ihnen[V] Ihre Zweifel auszuräumen.,Deixe-me ajudá-lo a tirar suas dúvidas.,Lascia che ti aiuti a chiarire i tuoi dubbi.,Déjame ayudarte a aclarar tus dudas.
OMBRE_ACT_1_DIALOGUE_1_4,Tu n'as pas de raison de rester silencieux devant moi[V] je suis là pour t'aider.,N'hoc'h eus abeg ebet da chom mut dirazon[V] emaon amañ evit ho sikour.,You have no reason to remain silent in front of me[V] I am here to help you.,Du hast keinen Grund[V] vor mir zu schweigen.[V] Ich bin hier[V] um dir zu helfen.,Você não tem motivo para ficar calado na minha frente[V] Estou aqui para ajudá-lo.,Non hai motivo di rimanere in silenzio davanti a me[V] Sono qui per aiutarti.,No tienes por qué quedarte callado frente a mí[V] Estoy aquí para ayudarte.
OMBRE_ACT_1_DIALOGUE_1_5,Vois-tu[V] je te connais. Très bien même[V] ou plutôt je te connaissais.,Gwelet a rez[V] anavezout a ran ac'hanout. Mat-tre e gwirionez[V] pe kentoc'h e anavezen ac'hanoc'h.,You see[V] I know you. Very good even[V] or rather I knew you.,Du siehst[V] Ich kenne dich. Sehr gut sogar[V] oder besser gesagt[V] ich kannte dich.,Você vê [V] eu conheço você. Muito bom mesmo[V] ou melhor[V] eu te conheci.,Vedi[V] Ti conosco. Molto bene anche[V] o meglio ti conoscevo.,Verás[V] Te conozco. Muy bien incluso[V] o mejor dicho te conocía.
OMBRE_ACT_1_DIALOGUE_1_6,Je sais ce qu'il t'ai arrivé. Et c'est pour cela que je vais t'aider.,Gouzout a ran petra zo c'hoarvezet ganit. Ha setu perak emaon o vont da sikour ac'hanoc'h.,I know what happened to you. And that's why I'm going to help you.,Ich weiß[V] was mit dir passiert ist. Und deshalb werde ich Ihnen helfen.,Eu sei o que aconteceu com você. E é por isso que vou te ajudar.,So cosa ti è successo. Ed è per questo che ti aiuterò.,Sé lo que te pasó. Y por eso te voy a ayudar.
OMBRE_ACT_1_DIALOGUE_1_7,Le passé est un fardeau que tous le monde ne devrait pas avoir à porter. Le tiens particulièrement.,Ur bec'h eo an amzer dremenet ha n'eo ket ret d'an holl dougen. Ho hini dreist-holl.,The past is a burden that not everyone should have to carry. Especially yours.,Die Vergangenheit ist eine Last[V] die nicht jeder tragen sollte. Besonders deine.,O passado é um fardo que nem todos deveriam carregar. Especialmente o seu.,Il passato è un peso che non tutti dovrebbero portare. Soprattutto il tuo.,El pasado es una carga que no todo el mundo debería cargar. Especialmente el tuyo.
OMBRE_ACT_1_DIALOGUE_1_8,Je ne peux malheureusement pas te raconter ton passé[V] cela[V] car je tiens à toi.,Siwazh[V] ne c'hellan ket kontañ deoc'h eus ho amzer dremenet rak prederiañ a ran ac'hanoc'h.,Unfortunately[V] I can't tell you about your past[V] because I care about you.,Leider kann ich dir nichts über deine Vergangenheit erzählen[V][V] weil du mir wichtig bist.,Infelizmente[V] não posso contar sobre seu passado[V] porque me importo com você.,Sfortunatamente non posso parlarti del tuo passato[V] perché ci tengo a te.,Desafortunadamente[V] no puedo contarte sobre tu pasado[V] porque me preocupo por ti.
OMBRE_ACT_1_DIALOGUE_1_9,Toute connaissance a un prix[V] plus intime est le savoir[V] plus grand est le sacrifice,Pep gouiziegezh en deus ur priz[V] seul vuioc'h a anaoudegezh[V] seul vrasoc'h eo an aberzh,All knowledge has a price[V] The deeper the knowledge[V] The greater the sacrifice,Alles Wissen hat seinen Preis[V] Je tiefer das Wissen ist[V] Je größer das Opfer,Todo conhecimento tem um preço[V] Quanto mais profundo o conhecimento[V] Quanto maior o sacrifício,Tutta la conoscenza ha un prezzo[V] Più profonda è la conoscenza[V] Maggiore è il sacrificio,Todo conocimiento tiene un precio[V] Cuanto más profundo es el conocimiento[V] Mayor es el sacrificio
OMBRE_ACT_1_DIALOGUE_1_10,Tu comprendras bien assez vite. Mais il semblerai que tu ne me fasse pas encore confiance.,Kompren a ri buan a-walc'h. Met war a seblant n'hoc'h eus ket fiziañs ennon c'hoazh.,You'll understand soon enough. But it seems that you don't trust me yet.,Du wirst es schon bald verstehen. Aber es scheint[V] dass du mir noch nicht vertraust.,Você entenderá em breve. Mas parece que você ainda não confia em mim.,Lo capirai presto. Ma sembra che tu non ti fidi ancora di me.,Lo entenderás muy pronto. Pero parece que todavía no confías en mí.
OMBRE_ACT_1_DIALOGUE_1_11,Pour ne pas te laisser complètement dans l'obscurité[V] je te laisse me poser quelques questions.,Evit chom hep ho lezel en deñvalijenn penn-da-benn e lezin ac'hanoc'h d'ober un nebeud goulennoù din.,So as not to leave you completely in the dark[V] I'll let you ask me a few questions.,Um Sie nicht völlig im Dunkeln zu lassen[V][V] lasse ich Sie mir ein paar Fragen stellen.,Para não deixar você completamente no escuro[V][V] vou deixar você me fazer algumas perguntas.,Per non lasciarvi completamente all'oscuro[V] mi lascio fare qualche domanda.,Para no dejarte completamente a oscuras[V] Te dejaré que me hagas algunas preguntas.
OMBRE_ACT_1_CHOICE_2_1,Qui es-tu ?,Piv oc'h-c'hwi?,Who are you?,Wer bist du?,Quem é você?,Chi sei?,¿Quién eres?
OMBRE_ACT_1_CHOICE_2_2,Qui suis-je ?,Piv on-me ?,Who am I?,Wer bin ich?,Quem sou eu?,Chi sono io?,¿Quién soy yo?
OMBRE_ACT_1_CHOICE_2_3,(partir),(mont kuit),(leave),(verlassen),(deixar),(Partire),(dejar)
OMBRE_ACT_1_DIALOGUE_1_12,E​st-ce vraiment ce que tu veux savoir ? Ca n'a pas d'importance.,Ha setu ar pezh a fell deoc'h gouzout ? N'eo ket a bouez.,Is this really what you want to know? It doesn’t matter.,Ist das wirklich das[V] was Sie wissen wollen? Es spielt keine Rolle.,É realmente isso que você quer saber? Isso não importa.,È davvero questo quello che vuoi sapere? Non importa.,¿Es esto realmente lo que quieres saber? No importa.
OMBRE_ACT_1_DIALOGUE_1_13,J​e suis la pour t'aider et rien d'autre alors tu peux me voir comme un guide pu un tuteur.,Emaon amañ evit sikour ac'hanoc'h ha netra all evit ma c'hellit va gwelet evel ur c'helenner pe ur c'helenner.,I am here to help you and nothing else so you can see me as a guide or a tutor.,Ich bin hier[V] um Ihnen zu helfen und nichts anderes[V] damit Sie mich als Führer oder Tutor sehen können.,Estou aqui para ajudá-lo e nada mais[V] para que você possa me ver como um guia ou tutor.,Sono qui per aiutarti e nient'altro in modo che tu possa vedermi come una guida o un tutor.,Estoy aquí para ayudarte y nada más para que puedas verme como una guía o un tutor.
OMBRE_ACT_1_DIALOGUE_1_14,A​ctuellement tu n'es personne. C'est toi qui doit choisir qui tu veux être.,Evit ar mare n'oc'h den ebet. Ret eo deoc'h dibab piv a fell deoc'h bezañ.,Currently you are nobody. You have to choose who you want to be.,Derzeit bist du niemand. Du musst entscheiden[V] wer du sein willst.,Atualmente você não é ninguém. Você tem que escolher quem você quer ser.,Al momento non sei nessuno. Devi scegliere chi vuoi essere.,Actualmente no eres nadie. Tienes que elegir quién quieres ser.
OMBRE_ACT_1_DIALOGUE_1_15,T​u as eu la chance de pouvoir oublier et tout reprendre à zéro[V] ne gâche pas cette chance à ressasser le passé.,Chañsus a-walc'h oc'h bet da c'hellout ankounac'haat ha kregiñ adalek netra[V] arabat koll ar chañs-se o chom en amzer dremenet.,You were lucky enough to be able to forget and start from scratch[V] don't waste this chance by dwelling on the past.,Du hattest das Glück[V] es vergessen zu können und von vorne anzufangen. Verpasse diese Chance nicht[V] indem du in der Vergangenheit nachdenkst.,Você teve a sorte de poder esquecer e começar do zero[V] não desperdice essa chance remoendo o passado.,Hai avuto la fortuna di poter dimenticare e ricominciare da zero[V] non sprecare questa occasione rimuginando sul passato.,Tuviste la suerte de poder olvidar y empezar de cero[V] No desperdicies esta oportunidad pensando en el pasado.
OMBRE_ACT_1_DIALOGUE_1_16,Je vois que notre conversation arrive à un terme.,Gwelout a ran emañ hor c'haozeadenn o vont da echuiñ.,I see our conversation is coming to an end.,Ich sehe[V] dass unser Gespräch zu Ende geht.,Vejo que nossa conversa está chegando ao fim.,Vedo che la nostra conversazione sta volgendo al termine.,Veo que nuestra conversación está llegando a su fin.
OMBRE_ACT_1_DIALOGUE_1_17,On se reverra bientôt[V] mais d'ici là n'oublie pas ce que je t'ai dit.,En em welet a raimp adarre a-benn nebeut[V] met betek neuze n’ankounac’hait ket ar pezh am eus lavaret deoc’h.,We'll see each other again soon[V] but until then don't forget what I told you.,Wir werden uns bald wiedersehen[V] aber bis dahin vergiss nicht[V] was ich dir gesagt habe.,Nos veremos novamente em breve[V][V] mas até lá não se esqueça do que eu te contei.,Ci rivedremo presto[V] ma fino ad allora non dimenticare quello che ti ho detto.,Nos volveremos a ver pronto[V] pero hasta entonces no olvides lo que te dije.
OMBRE_ACT_1_DIALOGUE_1_18,Peu importe ce que les autres diront[V] tu dois saisir la chance que tu as et faire table rase.,N'eus forzh petra a lavarfe ar re all[V] ret eo deoc'h kemer ar chañs ho peus ha sevel ur bladenn glan.,No matter what others say[V] you have to take the chance you have and make a clean slate.,Egal[V] was andere sagen[V][V] Sie müssen die Chance nutzen und eine saubere Weste schaffen.,Não importa o que os outros digam[V] você tem que aproveitar a chance que tem e começar do zero.,Non importa cosa dicono gli altri[V][V] devi cogliere l'occasione che hai e fare tabula rasa.,No importa lo que digan los demás[V][V] debes aprovechar la oportunidad que tienes y hacer borrón y cuenta nueva.
OMBRE_ACT_1_DIALOGUE_1_19,J'espère que tout se passera bien pour toi jusqu'à notre prochaine rencontre.,Spi am eus ez aio mat pep tra ganeoc'h betek hon emgav da zont.,I hope everything goes well for you until our next meeting.,Ich hoffe[V] dass bis zu unserem nächsten Treffen alles gut für Dich verläuft.,Espero que tudo corra bem para você até nosso próximo encontro.,Spero che tutto vada bene per te fino al nostro prossimo incontro.,Espero que todo te vaya bien hasta nuestro próximo encuentro.
GARDIENNE_NAME,[#dedede]La Gardienne[/#],[#dedede]Ar Gwarezer[/#],[#dedede]The Guardian[/#],[#dedede]Der Wächter[/#],[#dedede]O Guardião[/#],[#dedede]Il guardiano[/#],[#dedede]El Guardián[/#]
GARDIENNE_ACT_1_DIALOGUE_1_1,Bonjour[V] te voilà enfin.,Salud deoc'h[V] setu c'hwi a-benn ar fin.,Hello[V] here you are finally.,Hallo[V][V] hier bist du endlich.,Olá[V][V] aqui está você finalmente.,Ciao[V] eccoti finalmente.,Hola[V] aquí estás finalmente.
GARDIENNE_ACT_1_DIALOGUE_1_2,Je me présente[V] je suis la gardienne du temple des mémoires.,Lakaat a ran ac'hanon da ginnig va-unan[V] gwarezer templ an eñvorennoù on.,I introduce myself[V] I am the guardian of the temple of memories.,Ich stelle mich vor[V] Ich bin der Hüter des Tempels der Erinnerungen.,Eu me apresento[V] Sou o guardião do templo das memórias.,Mi presento[V] Sono il custode del tempio dei ricordi.,Me presento[V] Soy el guardián del templo de los recuerdos.
GARDIENNE_ACT_1_DIALOGUE_1_3,Hmm… Tu ne sembles pas surpris de pouvoir me comprendre. Tant mieux[V] les choses iront plus vite,Hmm... Ne seblant ket bezañ souezhet e c'hellit kompren ac'hanon. Gwelloc'h c'hoazh[V] buanoc'h e vo an traoù.,Hmm... You don't seem surprised to be able to understand me. So much the better[V] things will go faster,Hmm... Du scheinst nicht überrascht zu sein[V] mich verstehen zu können. Umso besser[V] es wird schneller gehen,Hmm... Você não parece surpreso em ser capaz de me entender. Tanto melhor[V] as coisas irão mais rápido,Hmm... Non sembri sorpreso di potermi capire. Tanto meglio[V] e le cose andranno più velocemente,Hmm... No pareces sorprendido de poder entenderme. Mucho mejor[V] las cosas irán más rápido
GARDIENNE_ACT_1_DIALOGUE_1_4,Je suis ici pour te parler de ta mémoire. Pour être plus précise[V] je veux te parler des possibilités qui s’offriront à toi et leurs conséquences.,Amañ emaon evit komz deoc'h eus ho eñvor. Evit bezañ resisoc'h[V] e fell din komz deoc'h diwar-benn ar c'hementadoù a c'hallo bezañ deoc'h hag o heuliadoù.,I'm here to talk to you about your memory. To be more precise[V] I want to talk to you about the possibilities that will be available to you and their consequences.,Ich bin hier[V] um mit Ihnen über Ihr Gedächtnis zu sprechen. Genauer gesagt[V] möchte ich mit Ihnen über die Möglichkeiten sprechen[V] die Ihnen zur Verfügung stehen[V] und deren Konsequenzen.,Estou aqui para falar com você sobre sua memória. Para ser mais preciso[V][V] quero falar com você sobre as possibilidades que estarão disponíveis para você e suas consequências.,Sono qui per parlarti della tua memoria. Per essere più precisi[V] Voglio parlarti delle possibilità che ti si presenteranno e delle loro conseguenze.,Estoy aquí para hablarte sobre tu memoria. Para ser más preciso[V] quiero hablarte de las posibilidades que estarán disponibles para ti y sus consecuencias.
GARDIENNE_ACT_1_DIALOGUE_1_5,Sur ta route[V] tu trouveras des cristaux comme celui-ci. Ils ont le pouvoir de te rendre tes souvenirs[V] avec celà l’usage de la langue parlée.,War ho hent e kavot kristalioù evel an hini-mañ. Ar galloud o deus da adtapout ho eñvorennoù[V] asambles gant implij ar yezh komzet.,On your way[V] you will find crystals like this one. They have the power to give you back your memories[V] with the use of spoken language.,Auf deinem Weg[V] wirst du Kristalle wie diesen finden. Sie haben die Macht[V] Ihnen durch den Einsatz gesprochener Sprache Ihre Erinnerungen zurückzugeben.,No seu caminho[V] você encontrará cristais como este. Eles têm o poder de devolver suas memórias[V] com o uso da linguagem falada.,Sulla tua strada[V] troverai cristalli come questo. Hanno il potere di restituirti i tuoi ricordi[V] con l'uso della lingua parlata.,En tu camino[V] encontrarás cristales como este. Tienen el poder de devolverte tus recuerdos[V] con el uso del lenguaje hablado.
GARDIENNE_ACT_1_DIALOGUE_1_6,Cependant cela vient avec un prix; Tous tes souvenirs ne sont pas forcément des plus bons.,Koulskoude e teu ur priz gant se ; N'eo ket an holl eñvorennoù a zo ar re wellañ dre ret.,However this comes with a price; Not all your memories are necessarily the best.,Allerdings ist dies mit einem Preis verbunden. Nicht alle Ihre Erinnerungen sind unbedingt die besten.,No entanto[V] isso tem um preço; Nem todas as suas memórias são necessariamente as melhores.,Tuttavia questo ha un prezzo; Non tutti i tuoi ricordi sono necessariamente i migliori.,Sin embargo[V] esto tiene un precio; No todos tus recuerdos son necesariamente los mejores.
GARDIENNE_ACT_1_DIALOGUE_1_7,Si tout de fois tu ne te sens pas concerné par le passé[V] tu as aussi la possibilité de complètement ignorer ces cristaux et passer ton chemin ou bien les repousser.,Ma ne vezit ket nec'het gant an amzer dremenet[V] e c'hallit ivez leuskel a-gostez ar c'hristalennoù-se penn-da-benn ha mont war-raok pe kas anezho kuit.,If you still don't feel concerned about the past[V] you also have the option of completely ignoring these crystals and moving on or pushing them away.,Wenn Sie sich immer noch nicht um die Vergangenheit kümmern[V][V] haben Sie auch die Möglichkeit[V] diese Kristalle völlig zu ignorieren und weiterzumachen oder sie zu verdrängen.,Se você ainda não se preocupa com o passado[V][V] você também tem a opção de ignorar completamente esses cristais e seguir em frente ou afastá-los.,Se ancora non ti senti preoccupato per il passato[V] hai anche la possibilità di ignorare completamente questi cristalli e andare avanti o allontanarli.,Si todavía no te preocupas por el pasado[V][V] también tienes la opción de ignorar por completo estos cristales y seguir adelante o alejarlos.
GARDIENNE_ACT_1_DIALOGUE_1_8,Bien évidemment tu ne retrouvera pas l’usage de la langue[V] mais tu pourras repartir de zéro. Le choix t’appartient complètement.,Anat eo ne vo ket adkavet implij ar yezh ganeoc'h[V] met dont a reot a-benn da grogiñ adalek ar penn-kentañ. Deoc'h penn-da-benn eo an dibab.,Obviously you will not regain the use of the language[V] but you will be able to start from scratch. The choice is completely yours.,Natürlich werden Sie die Verwendung der Sprache[V] nicht wiedererlangen[V] aber Sie werden in der Lage sein[V] bei Null anzufangen. Die Wahl liegt ganz bei Ihnen.,Obviamente você não recuperará o uso da linguagem[V][V] mas poderá começar do zero. A escolha é totalmente sua.,Ovviamente non riacquisterai l'uso della lingua[V] ma potrai ripartire da zero. La scelta è completamente tua.,Evidentemente no recuperarás el uso del idioma[V] pero podrás empezar de cero. La elección es completamente tuya.
GARDIENNE_ACT_1_DIALOGUE_1_9,Voici une de ses pierres. Vas-y essaie de la toucher.,Setu unan eus e vein. Kit war-raok ha klaskit touchout outi.,Here is one of his stones. Go ahead and try to touch her.,Hier ist einer seiner Steine. Versuchen Sie[V] sie zu berühren.,Aqui está uma de suas pedras. Vá em frente e tente tocá-la.,Ecco una delle sue pietre. Vai avanti e prova a toccarla.,Aquí está una de sus piedras. Adelante[V] intenta tocarla.
GARDIENNE_ACT_1_DIALOGUE_1_10,Ainsi tu as fait ton choix[V] celui qui te semble être le bon.,Neuze hoc'h eus graet ho tibab[V] an hini a seblant mat deoc'h.,So you have made your choice[V] the one that seems to you to be the right one.,Sie haben also die Wahl[V] getroffen[V] die Ihnen richtig erscheint.,Então você fez a sua escolha[V] aquela que lhe parece ser a certa.,Quindi hai fatto la tua scelta[V] quella che ti sembra quella giusta.,Así que has elegido[V] el que te parece correcto.
GARDIENNE_ACT_1_DIALOGUE_1_11,Puisse la chance et le bonheur accompagner ta quête d’introspection.,Ra vo ar chañs hag an eürusted gant ho klask en em evezhiañ.,May luck and happiness accompany your quest for introspection.,Mögen Glück und Glück Ihr Streben nach Selbstbeobachtung begleiten.,Que a sorte e a felicidade acompanhem sua busca pela introspecção.,Possano fortuna e felicità accompagnare la tua ricerca di introspezione.,Que la suerte y la felicidad acompañen tu búsqueda de introspección.
DRUSTAN_NAME,[#99bf9c]Drustan[/#],[#99bf9c]Drustan[/#],[#99bf9c]Drustan[/#],[#99bf9c]Drustan[/#],[#99bf9c]Drustano[/#],[#99bf9c]Drustan[/#],[#99bf9c]Drustán[/#]
DRUSTAN_DIALOGUE_0_1,...,...,...,...,...,...,...
DRUSTAN_ACT_1_DIALOGUE_1_1,[f]Bonjour brebis égarée[V] que fais-tu ici ?,[f]Demat deñved kollet[V] petra emaout oc'h ober amañ ?,[f]Hello lost sheep[V] what are you doing here?,[f]Hallo verlorenes Schaf[V] was machst du hier?,[f]Olá ovelha perdida[V] o que você está fazendo aqui?,[f]Ciao pecora smarrita[V] cosa fai qui?,[f]Hola oveja perdida[V] ¿Qué haces aquí?
DRUSTAN_ACT_1_DIALOGUE_1_2,[f]Tu cherches quelque chose ? Un remède ou autre chose ?,[f]Emaoc'h o klask un dra bennak ? Ur pare pe un dra bennak all ?,[f]Are you looking for something? A cure or something else?,[f]Suchen Sie etwas? Eine Heilung oder etwas anderes?,[f]Você está procurando alguma coisa? Uma cura ou algo mais?,[f]Stai cercando qualcosa? Una cura o altro?,[f]¿Estás buscando algo? ¿Una cura o algo más?
DRUSTAN_ACT_1_DIALOGUE_1_3,[f]Si tu n'es pas décidé à me répondre je voudrais bien retourner au travail.,[f]Ma n'oc'h ket divizet respont din e fellfe din distreiñ d'al labour.,[f]If you are not decided to answer me I would like to return to work.,[f]Wenn Sie sich nicht dazu entschließen[V] mir zu antworten[V] würde ich gerne zur Arbeit zurückkehren.,[f]Se você não estiver decidido a me responder[V] gostaria de voltar ao trabalho.,[f]Se non sei deciso a rispondermi vorrei tornare al lavoro.,[f]Si no estás decidido a contestarme me gustaría volver a trabajar.
DRUSTAN_ACT_1_DIALOGUE_2_1,[f]Toi ? Enfin envie de me répondre ?,[f]C'hwi ? C'hoant ho peus da respont din a-benn ar fin ?,[f]You? Finally want to answer me?,[f]Du? Möchtest du mir endlich antworten?,[f]Você? Finalmente quer me responder?,[f]Tu? Vuoi finalmente rispondermi?,[f] ¿Tú? ¿Finalmente quieres responderme?
DRUSTAN_ACT_1_DIALOGUE_2_2,[f]Ca n'a pas l'air d'être le cas.,[f]Ne seblant ket bezañ gwir.,[f]That doesn't seem to be the case.,[f]Das scheint nicht der Fall zu sein.,[f]Esse não parece ser o caso.,[f]Non sembra essere il caso.,[f]Ese no parece ser el caso.
DRUSTAN_ACT_1_DIALOGUE_2_3,[f]Je suis vraiment débordé alors laisse moi tranquille si tu n'as pas besoin de moi.,[f]Ober a ran kalz[V] neuze lezit ac'hanon da vont ma n'hoc'h eus ket ezhomm ac'hanon.,[f]I'm really overwhelmed so leave me alone if you don't need me.,[f]Ich bin wirklich überfordert[V] also lass mich in Ruhe[V] wenn du mich nicht brauchst.,[f]Estou realmente sobrecarregado[V] então me deixe em paz se não precisar de mim.,[f]Sono davvero sopraffatto[V] quindi lasciami in pace se non hai bisogno di me.,[f] Estoy realmente abrumado[V] así que déjame en paz si no me necesitas.
ELOUAN_NAME,[#c9a951]Elouan[/#],[#c9a951]Elouan[/#],[#c9a951]Elouan[/#],[#c9a951]Elouan[/#],[#c9a951]Elouan[/#],[#c9a951]Elouan[/#],[#c9a951]Elouan[/#]
ELOUAN_DIALOGUE_0_1,...,...,...,...,...,...,...
ELOUAN_ACT_1_DIALOGUE_1_1,[f]Oui ? … Bonjour ? …,[f]Ya ? … Demat ? …,[f]Yes? … Good morning ? …,[f]Ja? … Guten Morgen ? …,[f]Sim? … Bom dia ? …,[f]Sì? … Buongiorno ? …,[f] ¿Sí? … Buen día ? …
ELOUAN_ACT_1_DIALOGUE_1_2,[f]Je peux vous aidez ?,[f]Ha gallout a ran sikour ac'hanoc'h ?,[f]Can I help you?,[f]Kann ich Ihnen helfen?,[f]Posso te ajudar?,[f]Posso aiutarti?,[f] ¿Puedo ayudarte?
ELOUAN_ACT_1_DIALOGUE_1_3,[f]Pas très bavard[V] à ce que je vois…,[f]N'eo ket gwall gaozeal[V] gwelet a ran...,[f]Not very talkative[V] from what I see…,[f]Nicht sehr gesprächig[V] soweit ich das sehe…,[f]Não é muito falador[V] pelo que vejo…,[f]Non molto loquace[V] da quello che vedo...,[f]No es muy hablador[V] por lo que veo…
ELOUAN_ACT_1_DIALOGUE_1_4,[f]Difficile de parler à quelqu'un qui ne m'adresse même pas la parole…,[f]Diaes eo komz gant unan bennak ha ne gomz ket ouzhin zoken...,[f]Difficult to talk to someone who doesn't even speak to me...,[f]Es ist schwierig[V] mit jemandem zu sprechen[V] der nicht einmal mit mir spricht ...,[f]É difícil falar com alguém que nem fala comigo...,[f]Difficile parlare con qualcuno che non parla nemmeno con me...,[f]Es difícil hablar con alguien que ni siquiera me habla...
ELOUAN_ACT_1_DIALOGUE_2_1,[f]Si vous restez c’est que vous avez quelque chose à me demander j’imagine ?,[f]Ma chomit[V] eo peogwir hoc'h eus un dra bennak da c'houlenn diganin[V] war a seblant?,[f]If you stay it’s because you have something to ask me I guess?,[f]Wenn du bleibst[V] liegt es wohl daran[V] dass du mich etwas fragen möchtest?,[f]Se você ficar é porque tem algo para me perguntar[V] eu acho?,[f]Se rimani è perché hai qualcosa da chiedermi[V] immagino?,[f]Si te quedas es porque tienes algo que preguntarme[V] ¿supongo?
ELOUAN_ACT_1_DIALOGUE_2_2,[f]Oubliez …,[f]Disoñjal …,[f]Forget…,[f]Vergiss…,[f] Esqueça…,[f]Dimentica...,[f]Olvida…
ELOUAN_ACT_1_DIALOGUE_3_1,[f]Je ne sais pas ce qui vous a poussé à venir ici[V] en tout bien tout honneur[V] mais je trouve cela étrange.,[f]N'ouzon ket petra en deus lakaet ac'hanout da zont amañ[V] en holl onestiz[V] met kavout a ran iskis.,[f]I don't know what made you come here[V] in all honor[V] but I find it strange.,[f]Ich weiß nicht[V] warum du hierher gekommen bist[V] in aller Ehre[V][V] aber ich finde es seltsam.,[f]Não sei o que fez você vir aqui[V] com toda a honra[V][V] mas acho estranho.,[f]Non so cosa ti abbia fatto venire qui[V] con tutti gli onori[V] ma lo trovo strano.,[f]No sé qué te hizo venir aquí[V] con todo honor[V] pero me resulta extraño.
ELOUAN_ACT_1_DIALOGUE_3_2,[f]En plus de cela[V] à vous parler[V] vous n'avez pas l'air de vouloir répondre à la moindre de mes questions.,[f]Ouzhpenn-se[V] o komz ouzhit[V] ne seblant ket bezañ c'hoant da respont da hini ebet eus ma goulennoù.,[f]On top of that[V] talking to you[V] you don't seem to want to answer any of my questions.,[f]Darüber hinaus[V] scheinst du im Gespräch mit dir keine meiner Fragen beantworten zu wollen.,[f]Além disso[V] falando com você[V] você não parece querer responder nenhuma das minhas perguntas.,[f]Oltre a ciò[V] parlando con te[V] sembra che tu non voglia rispondere a nessuna delle mie domande.,[f]Además de eso[V] hablando contigo[V] parece que no quieres responder ninguna de mis preguntas.
IAZDA_NAME,[#b8703c]Iazda[/#],[#b8703c]Iazda[/#],[#b8703c]Iazda[/#],[#b8703c]Iazda[/#],[#b8703c]Iazda[/#],[#b8703c]Iazda[/#],[#b8703c]Iazda[/#]
IAZDA_ACT_1_DIALOGUE_1_1,[f]Bonjour jeune homme.,[f]Demat paotr yaouank.,[f]Hello young man.,[f]Hallo junger Mann.,[f] Olá[V] jovem.,[f]Ciao giovanotto.,[f] Hola joven.
IAZDA_ACT_1_DIALOGUE_1_2,[f]Votre visage ne m'est pas familier ... [n]Tu viens d'arriver ici si je me trompe.,[f]Dianav eo ho dremm din... [n]Nevez zo oc'h erruet amañ ma fazian.,[f]Your face is unfamiliar to me... [n]You just arrived here if I'm wrong.,[f]Dein Gesicht ist mir unbekannt... [n]Du bist gerade erst hier angekommen[V] falls ich falsch liege.,[f]Seu rosto não é familiar para mim... [n]Você acabou de chegar aqui se eu estiver errado.,[f]Il tuo viso non mi è familiare... [n]Sei appena arrivato qui se sbaglio.,[f]Tu cara no me resulta familiar... [n]Acabas de llegar aquí si me equivoco.
IAZDA_ACT_1_DIALOGUE_1_3,hmm ...,hmm ...,Hmm ...,Hmm ...,Hum ...,Hmm ...,Mmm ...
IAZDA_ACT_1_DIALOGUE_1_4,[f]Tu n'as pas l'air très bavard. J'ai connu quelqu'un comme ça fut un temps.,[f]Ne seblant ket bezañ gwall gaozeal. Anavezout a raen unan bennak evel-se gwechall.,[f]You don't seem very talkative. I knew someone like that once.,[f]Du scheinst nicht sehr gesprächig zu sein. Ich kannte einmal so jemanden.,[f]Você não parece muito falador. Eu conheci alguém assim uma vez.,[f]Non sembri molto loquace. Conoscevo qualcuno così una volta.,[f] No pareces muy hablador. Conocí a alguien así una vez.
IAZDA_ACT_1_DIALOGUE_1_5,[f]N'hésite pas à revenir si tu te décides à parler.,[f]Na zisoñjit ket dont en-dro ma tivizit komz.,[f]Don't hesitate to come back if you decide to talk.,[f]Zögern Sie nicht[V] wiederzukommen[V] wenn Sie sich für ein Gespräch entscheiden.,[f]Não hesite em voltar se decidir conversar.,[f]Non esitare a tornare se decidi di parlare.,[f]No dudes en volver si decides hablar.
IAZDA_ACT_1_DIALOGUE_2_1,[f]Salut toi ! Enfin un peu envie de discuter ?,[f]Demat deoc'h ! C'hoant da flapañ a-benn ar fin ?,[f]Hello you! Finally want to chat?,[f]Hallo! Endlich Lust auf einen Chat?,[f]Olá você! Finalmente quer conversar?,[f]Ciao a te! Vuoi finalmente chiacchierare?,[f] ¡Hola a ti! ¿Finalmente quieres charlar?
IAZDA_ACT_1_DIALOGUE_2_2,[f]Vraiment pas bavard à ce que je vois.,[f]N'eo ket gwall gomzer diouzh ar pezh a welan.,[f]Really not talkative from what I see.,[f]Soweit ich das sehe[V] ist er wirklich nicht gesprächig.,[f]Realmente não sou falador pelo que vejo.,[f]Da quello che vedo[V] non sono proprio loquace.,[f] Realmente no soy hablador por lo que veo.
IAZDA_ACT_1_DIALOGUE_2_3,[f]Je ne suis pas non plus très bon pour faire la discussion.,[f]N'on ket gwall varrek da sevel kaozeadennoù kennebeut.,[f]I'm not very good at making discussions either.,[f]Ich bin auch nicht besonders gut darin[V] Diskussionen zu führen.,[f]Também não sou muito bom em fazer discussões.,[f]Neanche io sono molto bravo a fare discussioni.,[f] Tampoco soy muy bueno entablar discusiones.
IAZDA_ACT_1_DIALOGUE_2_4,[f]Si tu te terre dans ton silence[V] je ne vais rien pouvoir faire pour toi.,[f]Mar chomit mut[V] ne c'hellin ket ober netra evidoc'h.,[f]If you hide in your silence[V] I won't be able to do anything for you.,[f]Wenn du dich in deinem Schweigen versteckst[V]kann ich nichts für dich tun.,[f]Se você se esconder em seu silêncio[V] não poderei fazer nada por você.,[f]Se ti nascondi nel tuo silenzio[V] Non potrò fare nulla per te.,[f]Si te escondes en tu silencio[V]No podré hacer nada por ti.
IAZDA_ACT_1_DIALOGUE_3_1,[f]Toi ?! Désolé[V] tu m'as surpris[V] j'étais perdu dans mes pensées.,[f]C'hwi ?! Digarezit[V] souezhet hoc'h eus ac'hanon[V] kollet e oan em soñjoù.,[f]You?! Sorry[V] you surprised me[V] I was lost in my thoughts.,[f]Du?! Tut mir leid[V] du hast mich überrascht[V] Ich war in meinen Gedanken verloren.,[f]Você?! Desculpe[V] você me surpreendeu[V] Eu estava perdido em meus pensamentos.,[f]Tu?! Scusa[V] mi hai sorpreso[V] Ero perso nei miei pensieri.,[f] ¡¿Tú?! Lo siento[V] me sorprendiste[V] Estaba perdido en mis pensamientos.
IAZDA_ACT_1_DIALOGUE_3_2,[f]J'imagine que tu ne veux toujours pas parler.,[f]Soñjal a ran n'hoc'h eus ket c'hoant da gomz c'hoazh.,[f]I guess you still don't want to talk.,[f]Ich schätze[V] du willst immer noch nicht reden.,[f]Acho que você ainda não quer conversar.,[f]Immagino che tu non voglia ancora parlare.,[f]Supongo que todavía no quieres hablar.
IAZDA_ACT_1_DIALOGUE_3_3,[f]Malheureusement je ne peux rien pour toi ...[n][%50]à part espérer que tu ne finisses pas comme lui ...,[f]Siwazh ne c'hellan ober netra evidoc'h...[n][%50]nemet esperout ne zeufec'h ket eveltañ...,[f]Unfortunately I can't do anything for you...[n][%50]except hope that you don't end up like him...,[f]Leider kann ich nichts für dich tun...[n][%50]außer hoffen[V] dass es dir nicht so ergeht wie ihm...,[f]Infelizmente não posso fazer nada por você...[n][%50]exceto esperar que você não acabe como ele...,[f]Purtroppo non posso fare niente per te...[n][%50]eccetto sperare che tu non diventi come lui...,[f]Desafortunadamente no puedo hacer nada por ti...[n][%50]excepto esperar que no termines como él...
MILLIE_NAME,[#ffd64f]Millie[/#],[#ffd64f]Millie[/#],[#ffd64f]Millie[/#],[#ffd64f]Millie[/#],[#ffd64f]Millie[/#],[#ffd64f]Millie[/#],[#ffd64f]Millie[/#]
MILLIE_ACT_1_DIALOGUE_1_1,[f]Qu’est-ce que c’est que tout ce raffut ? Tiens[V] qui est cette personne ?,[f]Petra eo an holl reuz-se ? Hey[V] piv eo an den-se ?,[f]What is all this fuss about? Hey[V] who is this person?,[f]Worum geht es bei dieser ganzen Aufregung? Hey[V] wer ist diese Person?,[f]Por que toda essa confusão? Ei [V][V] quem é essa pessoa?,[f]Che cos'è tutto questo trambusto? Ehi[V] chi è questa persona?,[f] ¿A qué se debe todo este alboroto? Oye[V] ¿quién es esta persona?
MILLIE_ACT_1_DIALOGUE_1_2,Hmmm[f] ? Bonjour[V] enchantée[V] je m’appelle [MILLIE_NAME][V] et vous ?,Hmmm[f]? Demat[V] plijus on da anavezout ac'hanoc'h[V] [MILLIE_NAME] eo ma anv[V] ha c'hwi ?,Hmmm[f]? Hello[V] nice to meet you[V] my name is [MILLIE_NAME][V] and you?,Hmmm[f]? Hallo[V] schön dich kennenzulernen[V] mein Name ist [MILLIE_NAME][V] und du?,Humm[f]? Olá[V] prazer em conhecê-lo[V] meu nome é [MILLIE_NAME][V] e você?,Hmm[f]? Ciao[V] piacere di conoscerti[V] mi chiamo [MILLIE_NAME][V] e tu?,Mmmm[f]? Hola[V] encantado de conocerte[V] mi nombre es [MILLIE_NAME][V] ¿y tú?
MILLIE_ACT_1_DIALOGUE_1_3,[f]En effet[V] il ne répond pas. Peut-être est-il sourd ?,[f]E gwirionez[V] ne respont ket. Marteze eo bouzar ?,[f]Indeed[V] he does not respond. Maybe he is deaf?,[f]Tatsächlich[V] antwortet er nicht. Vielleicht ist er taub?,[f]Na verdade[V] ele não responde. Talvez ele seja surdo?,[f]Infatti[V] non risponde. Forse è sordo?,[f]Efectivamente[V] no responde. ¿Quizás sea sordo?
MILLIE_ACT_1_DIALOGUE_1_4,[f]Mais nous avons des procédures pour les voyageurs armés[V] et nous ne pouvons tout de même pas le virer simplement car il ne nous comprend pas.,[f]Met argerzhioù hon eus evit ar veajourien armet[V] ha n'hallomp ket e gas kuit hepken peogwir ne gompren ket ac'hanomp.,[f]But we have procedures for armed travelers[V] and we can't just fire him because he doesn't understand us.,[f]Aber wir haben Verfahren für bewaffnete Reisende[V] und wir können ihn nicht einfach entlassen[V] weil er uns nicht versteht.,[f]Mas temos procedimentos para viajantes armados[V] e não podemos simplesmente demiti-lo porque ele não nos entende.,[f]Ma abbiamo procedure per i viaggiatori armati[V] e non possiamo semplicemente licenziarlo perché non ci capisce.,[f]Pero tenemos procedimientos para viajeros armados[V] y no podemos simplemente despedirlo porque no nos entiende.
MILLIE_ACT_1_DIALOGUE_1_5,[f]Il n’a rien d’autre qu’une épée qu’on confisquerait dans l’enceinte du village. Ni argent[V] ni nourriture[V] comment pourrait-il être dangereux ?,[f]N'en deus netra all nemet ur c'hleze a vefe kemeret e-barzh mogerioù ar gêriadenn. Arc’hant ebet[V] boued ebet[V] penaos e c’hellfe bezañ dañjerus ?,[f]He has nothing other than a sword that would be confiscated within the village walls. Neither money[V] nor food[V] how could it be dangerous?,[f]Er hat nichts anderes als ein Schwert[V] das innerhalb der Dorfmauern beschlagnahmt würde. Weder Geld[V] noch Essen[V] wie könnte es gefährlich sein?,[f]Ele não tem nada além de uma espada que seria confiscada dentro dos muros da aldeia. Nem dinheiro[V] nem comida[V] como poderia ser perigoso?,[f]Non ha altro che una spada che verrebbe confiscata entro le mura del villaggio. Né denaro[V] né cibo[V] come potrebbe essere pericoloso?,[f]No tiene nada más que una espada que sería confiscada dentro de los muros del pueblo. Ni dinero[V] ni comida[V] ¿cómo podría ser peligroso?
MILLIE_ACT_1_DIALOGUE_1_6,[f]Et puis avec le problème des monstres aux alentours[V] avoir un deuxième épéiste ne serait pas de refus je pense. Vasat à de plus en plus de mal à se rendre au moulin ces derniers temps[V] et Drustan est dans la même situation…,[f]Ha neuze gant kudennoù an euzhviled tro-dro[V] kaout un eil klezeer ne vefe ket nac'het[V] d'am soñj. Muioc'h-mui a boan a vez gant Vasat evit mont d'ar vilin nevez zo[V] ha Drustan a zo er memes stad...,[f]And then with the problem of monsters around[V] having a second swordsman would not be refused I think. Vasat is having more and more trouble getting to the mill lately[V] and Drustan is in the same situation...,[f]Und angesichts des Problems mit den Monstern in der Umgebung[V] würde es meiner Meinung nach nicht abgelehnt werden[V] einen zweiten Schwertkämpfer zu haben. Vasat hat in letzter Zeit immer größere Schwierigkeiten[V] zur Mühle zu gelangen[V] und Drustan ist in der gleichen Situation ...,[f]E então com o problema dos monstros ao redor[V] ter um segundo espadachim não seria recusado[V] eu acho. Vasat está tendo cada vez mais problemas para chegar à fábrica ultimamente[V] e Drustan está na mesma situação...,[f]E poi con il problema dei mostri in giro[V] avere un secondo spadaccino non sarebbe rifiutato[V] credo. Vasat ha sempre più difficoltà ad arrivare al mulino ultimamente[V] e Drustan si trova nella stessa situazione...,[f]Y luego[V] con el problema de los monstruos alrededor[V][V] creo que no se rechazaría tener un segundo espadachín. Vasat está teniendo cada vez más problemas para llegar al molino últimamente[V] y Drustan está en la misma situación...
MILLIE_ACT_1_DIALOGUE_1_7,[f]Ne penses-tu pas que ce soit une bonne idée ? Chacun y gagne comme ça!,[f]Ne gav ket deoc'h ez eo ur mennozh mat ? An holl a c'hounez !,[f]Don't you think that's a good idea? Everyone wins!,[f]Halten Sie das nicht für eine gute Idee? Jeder gewinnt!,[f]Você não acha que é uma boa ideia? Todo mundo ganha!,[f]Non pensi che sia una buona idea? Tutti vincono!,[f] ¿No crees que es una buena idea? ¡Todos ganan!
MILLIE_ACT_1_DIALOGUE_1_8,[f]Merci beaucoup [RIAGAD_NAME].,[f]Trugarez vras ​​dit [RIAGAD_NAME].,[f]Thank you very much [RIAGAD_NAME].,[f]Vielen Dank [RIAGAD_NAME].,[f]Muito obrigado [RIAGAD_NAME].,[f]Grazie mille [RIAGAD_NAME].,[f]Muchas gracias [RIAGAD_NAME].
MILLIE_ACT_1_DIALOGUE_2_1,[f]Allons il ne faut pas voir le mal partout. Si il était violent il aurait répondu au moment où tu as posé la main sur ton épée,[f]Deuit[V] ne dleomp ket gwelet an droug e pep lec'h. Ma vije bet feuls en dije respontet kerkent ha lakaet ho dorn war ho kleze,[f]Come on[V] we must not see evil everywhere. If he was violent he would have responded the moment you put your hand on your sword,[f]Komm schon[V] wir dürfen nicht überall Böses sehen. Wenn er gewalttätig gewesen wäre[V] hätte er in dem Moment reagiert[V] in dem Sie Ihre Hand auf Ihr Schwert gelegt hätten,[f] Vamos lá[V] não devemos ver o mal em todos os lugares. Se ele fosse violento[V] ele teria respondido no momento em que você colocou a mão na espada,[f]Dai[V] non dobbiamo vedere il male ovunque. Se fosse stato violento avrebbe reagito nel momento in cui avresti messo la mano sulla spada,[f]Vamos[V] que no debemos ver el mal en todas partes. Si fuera violento habría respondido en el momento en que pusiste tu mano en tu espada.
MILLIE_ACT_1_DIALOGUE_3_1,[f]Je sais bien que tu as peur que tout ces événements se reproduisent à nouveau[V] mais ne t’en fais pas[V] je peux t’assurer qu’il ne se passera rien. Tous les voyageurs ne sont pas forcément mauvais.,[f]Gouzout a ran hoc'h eus aon na c'hoarvezfe an holl zarvoudoù-se en-dro[V] met na vezit ket nec'het[V] sur a-walc'h e c'hellan reiñ deoc'h ne c'hoarvezo netra. N'eo ket fall an holl veajourien.,[f]I know that you are afraid that all these events will happen again[V] but don't worry[V] I can assure you that nothing will happen. Not all travelers are bad.,[f]Ich weiß[V] dass Sie Angst haben[V] dass sich all diese Ereignisse wiederholen könnten.[V] Aber machen Sie sich keine Sorgen.[V] Ich kann Ihnen versichern[V] dass nichts passieren wird. Nicht alle Reisenden sind schlecht.,[f]Eu sei que você tem medo de que todos esses eventos aconteçam novamente[V] mas não se preocupe[V] Posso garantir que nada acontecerá. Nem todos os viajantes são ruins.,[f]So che hai paura che tutti questi eventi si ripetano[V] ma non preoccuparti[V] Posso assicurarti che non succederà nulla. Non tutti i viaggiatori sono cattivi.,[f]Sé que tienes miedo de que todos estos hechos vuelvan a suceder[V] pero no te preocupes[V] Te puedo asegurar que no pasará nada. No todos los viajeros son malos.
MILLIE_ACT_1_DIALOGUE_3_2,[f]Merci beaucoup [RIAGAD_NAME]. Mais tu sais[V] on va tous bien ici[V] et il ne s’est jamais rien passé[V] tu ne devrais pas te stresser comme ça.,[f]Trugarez vras ​​dit [RIAGAD_NAME]. Met gouzout a rez[V] mat omp holl amañ[V] ha n'eus ket c'hoarvezet netra[V] ne zlefec'h ket bezañ nec'het evel-se.,[f]Thank you very much [RIAGAD_NAME]. But you know[V] we're all fine here[V] and nothing ever happened[V] you shouldn't stress yourself like that.,[f]Vielen Dank [RIAGAD_NAME]. Aber weißt du[V][V] es geht uns hier allen gut[V][V] und es ist nie etwas passiert[V][V] du solltest dich nicht so stressen.,[f]Muito obrigado [RIAGAD_NAME]. Mas você sabe[V] estamos todos bem aqui[V] e nada aconteceu[V] você não deveria se estressar assim.,[f]Grazie mille [RIAGAD_NAME]. Ma sai[V] stiamo tutti bene qui[V] e non è mai successo niente[V] non dovresti stressarti in quel modo.,[f]Muchas gracias [RIAGAD_NAME]. Pero sabes[V] aquí estamos todos bien[V] y nunca pasó nada[V] no deberías estresarte así.
MILLIE_ACT_1_DIALOGUE_3_3,[f]Personne ne te demande d’oublier ton passé[V] au contraire. Il faut simplement que tu arrives à avancer[V] et moi et tout le village t'aiderons autant de temps qu’il faut.,[f]Den ebet ne c'houlenn diganeoc'h disoñjal ho amzer dremenet[V] er c'hontrol. Ret eo deoc'h dont a-benn da vont war-raok hepken[V] ha me hag ar gêriadenn a-bezh a sikouro ac'hanoc'h keit ha ma vo ret.,[f]No one is asking you to forget your past[V] on the contrary. You just have to be able to move forward[V] and me and the whole village will help you for as long as it takes.,[f]Niemand verlangt von dir[V] deine Vergangenheit zu vergessen[V][V] im Gegenteil. Du musst nur in der Lage sein[V] voranzukommen[V] und ich und das ganze Dorf werden dir so lange wie nötig helfen.,[f]Ninguém está pedindo para você esquecer seu passado[V][V] pelo contrário. Você apenas tem que ser capaz de seguir em frente [V] e eu e toda a aldeia iremos ajudá-lo pelo tempo que for necessário.,[f]Nessuno ti sta chiedendo di dimenticare il tuo passato[V] al contrario. Devi solo essere in grado di andare avanti[V] e io e l'intero villaggio ti aiuteremo per tutto il tempo necessario.,[f]Nadie te está pidiendo que olvides tu pasado[V] al contrario. Sólo tienes que poder seguir adelante[V] y yo y todo el pueblo te ayudaremos todo el tiempo que sea necesario.
NEVENA_NAME,[#121e40]Nevena[/#],[#121e40]Nevena[/#],[#121e40]Nevena[/#],[#121e40]Nevena[/#],[#121e40]Nevena[/#],[#121e40]Nevena[/#],[#121e40]Nevena[/#]
NEVENA_DIALOGUE_0_1,...,...,...,...,...,...,...
NEVENA_ACT_1_DIALOGUE_1_1,Oh ! [f]Mais t'es qui toi !?,Hopala ! [f] Met piv out !?,Oh ! [f]But who are you!?,Oh ! [f]Aber wer bist du!?,Oh ! [f]Mas quem é você!?,OH ! [f]Ma tu chi sei!?,Oh ! [f] ¿¡Pero quién eres tú!?
NEVENA_ACT_1_DIALOGUE_1_2,[f]Un nouveau au village[V] c'est pas tous les jours qu'on voit ça.,[f]Un den nevez er gêr[V] n'eo ket bemdez e weler kement-se.,[f]A new guy in the village[V] it's not every day you see that.,[f]Ein neuer Mann im Dorf[V]Das sieht man nicht alle Tage.,[f]Um cara novo na vila[V] não é todo dia que você vê isso.,[f]Un nuovo ragazzo nel villaggio[V] non capita tutti i giorni di vederlo.,[f]Un chico nuevo en el pueblo[V] No todos los días ves eso.
NEVENA_ACT_1_DIALOGUE_1_3,[f]Cela ravive un peu ma curiosité. Mais du coup qui es-tu ?,[f]Se a sav un tamm ma c'hoant da c'houzout. Met piv oc'h-c'hwi ?,[f]This reignites my curiosity a little. But then who are you?,[f]Das weckt meine Neugier ein wenig. Aber wer bist du dann?,[f]Isso reacende um pouco minha curiosidade. Mas então quem é você?,[f]Questo riaccende un po' la mia curiosità. Ma allora chi sei?,[f]Esto reaviva un poco mi curiosidad. ¿Pero entonces quién eres tú?
NEVENA_ACT_1_DIALOGUE_1_4,[f]Silencieux donc[V] ça ravive d'autant plus ma curiosité.,[f]Ken sioul[V] e adkrou ma c'hoant da c'houzout muioc'h c'hoazh.,[f]Silent then[V] it revives my curiosity all the more.,[f]Still dann[V] es weckt meine Neugier umso mehr.,[f]Silencioso então[V] reaviva ainda mais minha curiosidade.,[f]Silenzio quindi[V] ravviva ancora di più la mia curiosità.,[f]Silencio entonces[V] reaviva aún más mi curiosidad.
NEVENA_ACT_1_DIALOGUE_1_5,[f]Je suis occupée là mais repasse plus tard[V] j'aimerai bien élucider le mystère que tu es quand j'aurai le temps.,[f]Ober a ran bremañ met deuit en-dro diwezhatoc'h[V] fellout a rafe din diskoulmañ ar gudenn a zo c'hwi pa vo amzer ganin.,[f]I'm busy here but come back later[V] I would like to elucidate the mystery that is you when I have time.,[f]Ich bin hier beschäftigt[V] komme aber später wieder.[V]Ich würde gerne das Geheimnis[V] das du bist[V] aufklären[V] wenn ich Zeit habe.,[f]Estou ocupado aqui[V] mas volte mais tarde[V] Gostaria de elucidar o mistério que é você quando tiver tempo.,[f]Sono occupato qui[V] ma torna più tardi[V] Vorrei chiarire il mistero che sei tu quando avrò tempo.,[f]Estoy ocupado aquí pero vuelvo más tarde[V]Me gustaría dilucidar el misterio que eres tú cuando tenga tiempo.
NEVENA_ACT_1_DIALOGUE_3_1,[f]Je vous ai vu du coin de l'œil. Je suis occupée là mais repasser plus tard si vous avez besoin de moi.,[f]Gwelet em eus ac'hanout dre gorn va lagad. Ober a ran bremañ met deuit en-dro diwezhatoc'h m'ho peus ezhomm ac'hanon.,[f]I saw you out of the corner of my eye. I'm busy here but come back later if you need me.,[f]Ich habe dich aus dem Augenwinkel gesehen. Ich bin hier beschäftigt[V] komme aber später wieder[V] wenn du mich brauchst.,[f]Eu vi você com o canto do olho. Estou ocupado aqui[V] mas volte mais tarde se precisar de mim.,[f]Ti ho visto con la coda dell'occhio. Sono occupato qui[V] ma torna più tardi se hai bisogno di me.,[f] Te vi por el rabillo del ojo. Estoy ocupado aquí[V] pero vuelve más tarde si me necesitas.
RIAGAD_NAME,[#991f35]Riagad[/#],[#991f35]Riagad[/#],[#991f35]Riagad[/#],[#991f35]Riagad[/#],[#991f35]Riagad[/#],[#991f35]Riagad[/#],[#991f35]Riagada[/#]
RIAGAD_ACT_1_DIALOGUE_1_1,[f]Halte là! Désolé mais vous ne pouvez pas entrer dans le village comme ça.,[f]Paouez aze ! Digarez met ne c'heller ket mont e-barzh ar gêriadenn evel-se.,[f]Stop there! Sorry but you can't enter the village like that.,[f]Hör auf damit! Tut mir leid[V] aber so kann man das Dorf nicht betreten.,[f] Pare aí! Desculpe[V] mas você não pode entrar na aldeia assim.,[f]Fermati lì! Mi dispiace ma non puoi entrare nel villaggio così.,[f] ¡Detente ahí! Lo siento[V] pero no puedes entrar al pueblo así.
RIAGAD_ACT_1_DIALOGUE_1_2,[f]J’ai d’abord des questions à vous poser. Je vais également devoir vous fouiller pour vérifier que vous ne portez rien qui pourrait être dangereux etc..,[f]Da gentañ em eus goulennoù da c'houlenn diganeoc'h. Ret e vo din klask ac'hanoc'h ivez evit bezañ sur n'emaoc'h ket o wiskañ traoù a c'hellfe bezañ dañjerus hag all.,[f]First I have some questions to ask you. I will also have to search you to make sure you are not wearing anything that could be dangerous etc.,[f]Zuerst muss ich Ihnen einige Fragen stellen. Ich werde Sie auch durchsuchen müssen[V] um sicherzustellen[V] dass Sie nichts tragen[V] was gefährlich sein könnte usw.,[f]Primeiro tenho algumas perguntas para lhe fazer. Também terei que revistar você para ter certeza de que não está usando nada que possa ser perigoso[V] etc.,[f]Per prima cosa ho alcune domande da farti. Dovrò anche perquisirti per assicurarmi che non indossi nulla che potrebbe essere pericoloso[V] ecc.,[f]Primero tengo algunas preguntas que hacerte. También tendré que registrarte para asegurarme de que no llevas nada que pueda ser peligroso[V] etc.
RIAGAD_ACT_1_DIALOGUE_1_3,[f]Approchez s’il vous plaît[V] que je puisse procéder.,[f]Tostait mar plij[V] evit ma c'hellin mont pelloc'h.,[f]Please come closer[V] so I can proceed.,[f]Bitte kommen Sie näher[V][V] damit ich fortfahren kann.,[f]Por favor[V] chegue mais perto[V] para que eu possa prosseguir.,[f]Per favore[V] avvicinati[V] così posso procedere.,[f]Por favor[V] acércate[V] para que pueda continuar.
RIAGAD_ACT_1_DIALOGUE_1_4,[f]Monsieur[V] s'il vous plaît.,[f]Aotrou[V] mar plij.,[f]Mr[V] please.,[f]Herr[V] bitte.,[f]Senhor[V][V] por favor.,[f]Signor[V][V] per favore.,[f]Señor[V] por favor.
RIAGAD_ACT_1_DIALOGUE_1_5,[f]Vous vous moquez de moi c’est ça ?,[f]C'hoari a rez ganin[V] nann ?,[f]You're kidding me[V] right?,[f]Du machst Witze[V] oder?,[f]Você está brincando comigo[V] certo?,[f]Stai scherzando[V] vero?,[f]Estás bromeando[V] ¿verdad?
RIAGAD_ACT_1_DIALOGUE_1_6,[f]Vous ne voulez pas répondre ? Très bien[V] mais dans ce cas je ne peux vous accepter[V] je vais vous demander de partir.,[f]N'hoc'h eus ket c'hoant da respont ? Mat-tre[V] met en degouezh-mañ ne c'hellan ket ho degemer[V] goulenn a rin diganeoc'h mont kuit.,[f]You don't want to answer? Very good[V] but in this case I cannot accept you[V] I will ask you to leave.,[f]Du möchtest nicht antworten? Sehr gut[V][V] aber in diesem Fall kann ich Sie nicht akzeptieren[V] Ich werde Sie bitten zu gehen.,[f]Você não quer responder? Muito bem[V] mas neste caso não posso aceitar você[V] vou pedir que você saia.,[f]Non vuoi rispondere? Molto bene[V] ma in questo caso non posso accettarti[V] Ti chiederò di andartene.,[f]¿No quieres responder? Muy bien[V] pero en este caso no te puedo aceptar[V] Te pediré que te vayas.
RIAGAD_ACT_1_DIALOGUE_1_7,[f]S’il vous plaît[V] partez avant que je ne vous y force,[f]Kit kuit mar plij a-raok ma rediin ac'hanoc'h,[f]Please[V] leave before I force you,[f]Bitte[V] geh[V] bevor ich dich zwinge,[f]Por favor[V] saia antes que eu te force,[f]Per favore[V] vattene prima che ti costringa,[f]Por favor[V] vete antes de que te obligue
RIAGAD_ACT_1_DIALOGUE_1_8,[f]Un voyageur[V] mais il refuse de bouger ou de me répondre.,[f]Ur veajour[V] met nac'h a ra fiñval pe respont din.,[f]A traveler[V] but he refuses to move or answer me.,[f]Ein Reisender[V][V] aber er weigert sich[V] mich zu bewegen oder mir zu antworten.,[f]Um viajante[V][V] mas ele se recusa a se mover ou me responder.,[f]Un viaggiatore[V] ma si rifiuta di muoversi o di rispondermi.,[f]Un viajero[V] pero se niega a moverse ni a responderme.
RIAGAD_ACT_1_DIALOGUE_1_9,[f]Même les sourds de naissance sont capables de parler un minimum. Il y a peu de chance que ce soit ça.,[f]An dud bouzar adalek ar ganedigezh zoken a c'hell komz nebeut. Nebeut a chañs zo e vefe an dra-se.,[f]Even people who are deaf from birth are able to speak minimally. There is little chance that this is it.,[f]Selbst Menschen[V] die von Geburt an gehörlos sind[V] können nur minimal sprechen. Es besteht kaum eine Chance[V] dass es das ist.,[f]Mesmo as pessoas surdas de nascença conseguem falar minimamente. Há poucas chances de que seja isso.,[f]Anche le persone sorde dalla nascita sono in grado di parlare minimamente. Ci sono poche possibilità che sia così.,[f]Incluso las personas sordas de nacimiento pueden hablar mínimamente. Hay pocas posibilidades de que sea esto.
RIAGAD_ACT_1_DIALOGUE_1_10,[f]Puis il s’est aussi tourné vers toi quand tu es arrivé[V] il t’as forcément entendu.,[f]Neuze e troas ivez war-zu ennoc'h pa'z oc'h erruet[V] klevet en deus ac'hanoc'h[V] splann eo.,[f]Then he also turned to you when you arrived[V] he obviously heard you.,[f]Dann drehte er sich auch zu dir um[V] als du ankamst[V]er hat dich offensichtlich gehört.,[f]Então ele também se virou para você quando você chegou[V] ele obviamente ouviu você.,[f]Poi anche lui si è rivolto a te quando sei arrivato[V] evidentemente ti ha sentito.,[f]Luego él también se volvió hacia ti cuando llegaste[V] obviamente te escuchó.
RIAGAD_ACT_1_DIALOGUE_1_11,[f]Donc soit il ne nous comprend pas[V] soit il se moque de nous.,[f]Neuze pe ne gompren ket ac'hanomp[V] pe e ra goap ac'hanomp.,[f]So either he doesn't understand us[V] or he's making fun of us.,[f]Also entweder versteht er uns nicht[V] oder er macht sich über uns lustig.,[f]Então ou ele não nos entende[V] ou está zombando de nós.,[f]Quindi o non ci capisce[V] oppure ci prende in giro.,[f]Entonces o no nos entiende[V] o se está burlando de nosotros.
RIAGAD_ACT_1_DIALOGUE_1_12,[f]Dans tous les cas je ne pense que ce soit une bonne idée de l’accepter[V] d’autant plus qu’il est armé.,[f]E kement degouezh ne gav ket din eo ur mennozh mat degemer anezhañ[V] dreist-holl pa'z eo armet.,[f]In any case I don't think it's a good idea to accept him[V] especially since he is armed.,[f]Auf jeden Fall halte ich es nicht für eine gute Idee[V] ihn zu akzeptieren[V][V] insbesondere da er bewaffnet ist.,[f]De qualquer forma[V] não acho uma boa ideia aceitá-lo[V][V] especialmente porque ele está armado.,[f]In ogni caso non credo sia una buona idea accettarlo[V] soprattutto perché è armato.,[f]En cualquier caso no creo que sea buena idea aceptarlo[V] sobre todo porque está armado.
RIAGAD_ACT_1_DIALOGUE_1_13,[f]Je pense que c’est une raison suffisante. Que pourrait-il bien faire ici dans notre village si il ne comprend rien ? Il est trop dangereux.,[f]Kavout a ran eo abeg a-walc'h. Petra a c'hellfe bezañ oc'h ober amañ en hor c'hêriadenn ma ne gompren netra ? Re dañjerus eo.,[f]I think that’s reason enough. What could he possibly be doing here in our village if he doesn't understand anything? He's too dangerous.,[f]Ich denke[V] das ist Grund genug. Was könnte er hier in unserem Dorf tun[V] wenn er nichts versteht? Er ist zu gefährlich.,[f]Acho que isso é motivo suficiente. O que ele poderia estar fazendo aqui na nossa aldeia se não entende nada? Ele é muito perigoso.,[f]Penso che sia una ragione sufficiente. Cosa potrebbe fare qui nel nostro villaggio se non capisce niente? E' troppo pericoloso.,[f]Creo que es razón suficiente. ¿Qué podría estar haciendo aquí en nuestro pueblo si no entiende nada? Es demasiado peligroso.
RIAGAD_ACT_1_DIALOGUE_1_14,Argh[f][V] tu n’as pas tort[V] ça ne serait pas de refus. De toute façon je sais que tu ne me lâcheras pas…,Argh[f][V] n'oc'h ket faziet[V] ne vefe ket un nann-nann. Koulskoude[V] gouzout a ran ne lezit ket ac'hanon da vont...,Argh[f][V] you're not wrong[V] that wouldn't be a no-no. Either way I know you won't let me go...,Argh[f][V] du liegst nicht falsch[V] das wäre kein Tabu. So oder so weiß ich[V] dass du mich nicht gehen lässt ...,Argh[f][V] você não está errado[V] isso não seria proibido. De qualquer forma[V] eu sei que você não vai me deixar ir...,Argh[f][V] non hai torto[V] non sarebbe un no-no. In ogni caso so che non mi lascerai andare...,Argh[f][V] no te equivocas[V] eso no sería un no-no. De cualquier manera sé que no me dejarás ir...
RIAGAD_ACT_1_DIALOGUE_1_15,[f]Très bien[V] j’accepte de le faire rentrer[V] mais au moindre écart[V] je le vire sur le champ.,[f]Mat-tre[V] asantiñ a ran e lakaat da vont e-barzh[V] met gant an disterañ diforc'h e skarzhan anezhañ war al lec'h.,[f]Very good[V] I agree to bring him in[V] but at the slightest deviation[V] I fire him on the spot.,[f]Sehr gut[V] Ich bin damit einverstanden[V] ihn hereinzubringen[V][V] aber bei der geringsten Abweichung[V] feuere ich ihn sofort.,[f]Muito bom[V] Concordo em trazê-lo[V] mas ao menor desvio[V] eu o demito na hora.,[f]Molto bene[V] Accetto di farlo entrare[V] ma alla minima deviazione[V] Lo licenzio su due piedi.,[f]Muy bien[V] Acepto traerlo[V] pero a la menor desviación[V] lo despido en el acto.
RIAGAD_ACT_1_DIALOGUE_2_1,[f]Il n’empêche que je ne lui fait pas confiance à ce voyageur. Il n’a pas besoin d’épée pour être violent.,[f]Koulskoude[V] n'em eus ket fiziañs er veajour-se. N'en deus ket ezhomm eus ur c'hleze evit bezañ feuls.,[f]Still[V] I don’t trust this traveler. He doesn't need a sword to be violent.,[f]Trotzdem vertraue ich diesem Reisenden nicht. Er braucht kein Schwert[V] um gewalttätig zu sein.,[f]Ainda assim[V] não confio neste viajante. Ele não precisa de uma espada para ser violento.,[f]Tuttavia[V] non mi fido di questo viaggiatore. Non ha bisogno della spada per essere violento.,[f]Aun así[V] no confío en este viajero. No necesita una espada para ser violento.
RIAGAD_ACT_1_DIALOGUE_2_2,[f]Tu n’as pas tort sur ça[V] mais je pense vraiment que tu es trop gentille [MILLIE_NAME]. Enfin… Je me charge de sa surveillance. Il ne vous arrivera jamais rien. Je t’en fais la promesse.,[f]N'out ket faziet gant se[V] met soñjal a ran ez out ken brav [MILLIE_NAME]. A-benn ar fin... Me zo e karg eus e evezhiañ. Ne c'hoarvezo netra ganeoc'h. Prometiñ a ran deoc'h.,[f]You're not wrong about that[V] but I really think you're too nice [MILLIE_NAME]. Finally... I'm in charge of monitoring him. Nothing will ever happen to you. I promise you.,[f]Da liegst du nicht falsch[V][V] aber ich denke wirklich[V] dass du zu nett bist [MILLIE_NAME]. Schließlich... bin ich dafür verantwortlich[V] ihn zu überwachen. Dir wird nie etwas passieren. Ich verspreche es dir.,[f]Você não está errado sobre isso[V][V] mas eu realmente acho que você é muito legal [MILLIE_NAME]. Finalmente... estou encarregado de monitorá-lo. Nada jamais acontecerá com você. Eu prometo.,[f]Non hai torto su questo[V] ma penso davvero che tu sia troppo gentile [MILLIE_NAME]. Infine... sono incaricato di monitorarlo. Non ti succederà mai nulla. Te lo prometto.,[f]No te equivocas en eso[V] pero realmente creo que eres demasiado amable [MILLIE_NAME]. Finalmente... estoy a cargo de monitorearlo. Nunca te pasará nada. Te prometo que.
RIAGAD_ACT_1_DIALOGUE_3_1,[f]Je sais bien.. J’arrive tout simplement pas à oublier. Je meurs rien qu'à imaginer qu'il puisse vous arriver quelque chose.,[f]Gouzout a ran... N'hallan ket ankounac'haat. Mervel a ran o soñjal e c'hoarvezfe un dra bennak ganeoc'h.,[f]I know... I just can't forget. I'm dying just thinking about something happening to you.,[f]Ich weiß... ich kann es einfach nicht vergessen. Ich sterbe[V] wenn ich nur daran denke[V] dass dir etwas passiert.,[f]Eu sei... simplesmente não consigo esquecer. Estou morrendo só de pensar em algo acontecendo com você.,[f]Lo so... non posso dimenticare. Sto morendo solo pensando che ti sta succedendo qualcosa.,[f] Lo sé... pero no puedo olvidarlo. Me muero de sólo pensar en que te pase algo.
ROZENN_NAME,[#ffb0e6]Rozenn[/#],[#ffb0e6]Rozenn[/#],[#ffb0e6]Rozenn[/#],[#ffb0e6]Rozenn[/#],[#ffb0e6]Rozenn[/#],[#ffb0e6]Rozenn[/#],[#ffb0e6]Rozenn[/#]
ROZENN_ACT_1_DIALOGUE_1_1,Hmm [f]? Bonjour[V] enchantée[V] je m’appelle [ROZENN_NAME]. Vous êtes un voyageur j’imagine ? Je vous souhaite la bienvenue dans notre magnifique village,Hmm [f]? Demat deoc'h[V] plijus din ober anaoudegezh ganeoc'h[V] [ROZENN_NAME] eo ma anv. Ur veajour oc'h[V] war va soñj ? Degemer a ran ac'hanoc'h en hor c'hêriadenn vrav,Hmm? Hello[V] nice to meet you[V] my name is [ROZENN_NAME]. You are a traveler I imagine? I welcome you to our magnificent village,Hmm? Hallo[V] schön dich kennenzulernen[V] mein Name ist [ROZENN_NAME]. Ich stelle mir vor[V] Sie sind ein Reisender? Ich begrüße Sie in unserem herrlichen Dorf,Hum? Olá[V] prazer em conhecê-lo[V] meu nome é [ROZENN_NAME]. Você é um viajante[V] imagino? Dou-lhe as boas-vindas à nossa magnífica aldeia,Hmm? Ciao[V] piacere di conoscerti[V] mi chiamo [ROZENN_NAME]. Sei un viaggiatore[V] immagino? Ti do il benvenuto nel nostro magnifico villaggio,¿Mmm? Hola[V] encantado de conocerte[V] mi nombre es [ROZENN_NAME]. ¿Eres un viajero[V] me imagino? Os doy la bienvenida a nuestro magnífico pueblo.
ROZENN_ACT_1_DIALOGUE_1_2,[f]Et bien ? Que vous arrive-t-il ? Vous ne m’entendez pas ?,[f]Ma? Petra a c'hoarvez ganeoc'h ? Ne glevez ket ac'hanon ?,[f]Well? What is happening to you? Can't you hear me?,[f]Na ja? Was passiert mit dir? Kannst du mich nicht hören?,[f]Bem? O que está acontecendo com você? Você não pode me ouvir?,[f]Bene? Cosa ti sta succedendo? Non mi senti?,[f] ¿Y bien? ¿Qué te está pasando? ¿No puedes oírme?
ROZENN_ACT_1_DIALOGUE_1_3,[f]Vous n’avez pas l’air de m’entendre…,[f]Ne glevez ket ac'hanon war a seblant...,[f]You don’t seem to hear me…,[f]Du scheinst mich nicht zu hören ...,[f]Você parece não me ouvir...,[f]Sembra che tu non mi senta...,[f]Parece que no me escuchas…
ROZENN_ACT_1_DIALOGUE_1_4,Ah [f]! Dans ce cas[V] je peux vous donner cette rose jaune. Peut-être ne m’entendez vous pas[V] mais ça devrait suffire pour vous souhaitez la bienvenue.,A[f]! En degouezh-se e c'hellin reiñ deoc'h ar rozenn velen-mañ. Marteze ne glevez ket ac'hanon[V] met se a zlefe bezañ a-walc'h evit degemer ac'hanout.,Ah [f]! In this case[V] I can give you this yellow rose. Maybe you can't hear me[V] but that should be enough to welcome you.,Ah [f]! In diesem Fall[V] kann ich dir diese gelbe Rose schenken. Vielleicht kannst du mich nicht hören[V][V] aber das sollte ausreichen[V] um dich willkommen zu heißen.,Ah [f]! Neste caso[V] posso te dar esta rosa amarela. Talvez você não possa me ouvir[V][V] mas isso deve ser o suficiente para recebê-lo.,Ah [f]! In questo caso[V] posso regalarti questa rosa gialla. Forse non puoi sentirmi[V] ma questo dovrebbe bastare per darti il ​​benvenuto.,Ah [f]! En este caso[V] puedo regalarte esta rosa amarilla. Tal vez no puedas oírme[V] pero eso debería ser suficiente para darte la bienvenida.
ROZENN_ACT_1_DIALOGUE_2_1,[f]Les roses jaunes signifient l’amitié[V] le soutien[V] mais aussi la renaissance.,[f]Ar rozennoù melen a dalvez mignoniezh[V] skoazell[V] met ivez adganedigezh.,[f]Yellow roses mean friendship[V] support[V] but also rebirth.,[f]Gelbe Rosen bedeuten Freundschaft[V] Unterstützung[V][V] aber auch Wiedergeburt.,[f]Rosas amarelas significam amizade[V] apoio[V][V] mas também renascimento.,[f]Le rose gialle significano amicizia[V] sostegno[V] ma anche rinascita.,[f]Las rosas amarillas significan amistad[V] apoyo[V] pero también renacimiento.
ROZENN_ACT_1_DIALOGUE_2_2,[f]J’ai l’habitude d’offrir des roses jaunes aux visiteurs[V] c’est un peu ma manière à moi de rendre la pareille envers tout ceux qui m’ont aidé.,[f]Peurliesañ e roan rozennoù melen d'ar weladennerien[V] ma doare eo da zistreiñ ar vad d'an holl re o deus sikouret ac'hanon.,[f]I usually give yellow roses to visitors[V] it’s a bit my way of returning the favor to everyone who helped me.,[f]Normalerweise schenke ich Besuchern gelbe Rosen.[V] Das ist sozusagen meine Art[V] mich bei allen zu revanchieren[V] die mir geholfen haben.,[f]Costumo dar rosas amarelas aos visitantes[V] é um pouco a minha maneira de retribuir o favor a todos que me ajudaram.,[f]Di solito regalo rose gialle ai visitatori[V] è un po' il mio modo di ricambiare il favore a tutti coloro che mi hanno aiutato.,[f]Normalmente doy rosas amarillas a las visitas[V] es un poco mi manera de devolver el favor a todos los que me ayudaron.
ROZENN_ACT_1_DIALOGUE_2_3,[f]Je pourrais vous prêter un livre sur les fleurs si vous voulez ? Avec un peu de chance vous savez lire.,[f]Gallout a rafen prestañ deoc'h ul levr diwar-benn ar bleunioù ma fell deoc'h ? Da c'hortoz e c'hellit lenn.,[f]I could lend you a book on flowers if you want? Hopefully you can read.,[f]Wenn du möchtest[V] könnte ich dir ein Buch über Blumen leihen? Hoffentlich können Sie lesen.,[f]Eu poderia te emprestar um livro sobre flores[V] se você quiser? Espero que você possa ler.,[f]Potrei prestarti un libro sui fiori[V] se vuoi? Spero che tu possa leggere.,[f] ¿Puedo prestarte un libro sobre flores si quieres? Ojalá puedas leer.
ROZENN_ACT_1_DIALOGUE_3_1,[f]C’est une des choses que j’aime avec les fleurs[V] on peut communiquer n’importe quel sentiment avec.,[f]Unan eus an traoù a blij din gant ar bleunioù eo[V] gallout a rit treuzkas ne vern peseurt santimant ganto.,[f]It’s one of the things I love about flowers[V] you can communicate any feeling with them.,[f]Das ist eines der Dinge[V] die ich an Blumen liebe.[V] Mit ihnen kann man jedes Gefühl vermitteln.,[f]É uma das coisas que adoro nas flores[V] você pode comunicar qualquer sentimento com elas.,[f]È una delle cose che amo dei fiori[V] con cui puoi comunicare qualsiasi sentimento.,[f]Es una de las cosas que me encantan de las flores[V] puedes comunicar cualquier sentimiento con ellas.
ROZENN_ACT_1_DIALOGUE_3_2,[f]Je suis moi aussi arrivée ici sans pouvoir comprendre les habitants. Ce sont les fleurs qui m’ont permis de communiquer et me rapprocher de [DRUSTAN_NAME] et les autres.,[f]Me ivez a zo erruet amañ hep bezañ gouest da gompren an annezidi. Ar bleunioù eo a roas tro din da gejañ ha da dostaat ouzh [DRUSTAN_NAME] hag ar re all.,[f]I too arrived here without being able to understand the inhabitants. These are the flowers that allowed me to communicate and get closer to [DRUSTAN_NAME] and others.,[f]Auch ich kam hierher[V] ohne die Bewohner verstehen zu können. Dies sind die Blumen[V] die es mir ermöglichten[V] mit [DRUSTAN_NAME] und anderen zu kommunizieren und näher zu kommen.,[f]Eu também cheguei aqui sem conseguir entender os moradores. Estas são as flores que me permitiram comunicar e aproximar-me de [DRUSTAN_NAME] e de outras pessoas.,[f]Anch'io sono arrivato qui senza riuscire a capire gli abitanti. Questi sono i fiori che mi hanno permesso di comunicare e di avvicinarmi a [DRUSTAN_NAME] e agli altri.,[f]Yo también llegué aquí sin poder entender a los habitantes. Estas son las flores que me permitieron comunicarme y acercarme a [DRUSTAN_NAME] y a otras personas.
ROZENN_ACT_1_DIALOGUE_3_3,[f]Enfin[V] ça je ne peux pas vous le dire avec des fleurs. ,[f]Mat eo[V] ne c'hellan ket lâret deoc'h kement-se gant bleunioù.,[f]Finally[V] that I can't tell you with flowers. ,[f]Abschließend[V][V] dass ich es dir bei Blumen nicht sagen kann. ,[f]Finalmente[V] que não posso te contar com flores. ,[f]Infine[V] questo non posso dirtelo con i fiori. ,[f]Por último[V] eso no te lo puedo decir con flores. 
SCHUCHTERNE_NAME,[#d6713a]Schüchterne[/#],[#d6713a]Schüchternev[/#],[#d6713a]Schüchterne[/#],[#d6713a]Schüchterne[/#],[#d6713a]Schüchterne[/#],[#d6713a]Schüchterne[/#],[#d6713a]Schüchterne[/#]
SCHUCHTERNE_DIALOGUE_0_1,...,...,...,...,...,...,...
SCHUCHTERNE_ACT_1_CHOICE_1_1,Interpelle,Galv,Call out,Aufbieten[V] ausrufen[V] zurufen,Chamar,Chiama,Gritar
SCHUCHTERNE_ACT_1_CHOICE_1_2,Ne rien faire,Arabat ober netra,Do nothing,Nichts tun,Não faça nada,Non fare nulla,no hacer nada
SCHUCHTERNE_ACT_1_DIALOGUE_1_1,[f]Pardon[V] Je... je n'avais pas fait attention[V] je n'ai pas l'habitude d'être interrompu dans mon travail...,[f]Digarez[V] me... ne oan ket o teurel evezh[V] n'on ket kustum da vezañ troc'het em labour...,[f]Sorry[V] I... I wasn't paying attention[V] I'm not used to being interrupted in my work...,[f]Tut mir leid[V] Ich... ich habe nicht aufgepasst[V] Ich bin es nicht gewohnt[V] bei meiner Arbeit unterbrochen zu werden...,[f]Desculpe[V] Eu... eu não estava prestando atenção[V] Não estou acostumado a ser interrompido no meu trabalho...,[f]Scusa[V] Io... non stavo prestando attenzione[V] Non sono abituato a essere interrotto nel mio lavoro...,[f]Lo siento[V] Yo... no estaba prestando atención[V] No estoy acostumbrado a que me interrumpan en mi trabajo...
SCHUCHTERNE_ACT_1_DIALOGUE_1_2,[f]...Je peux vous aider ?,[f]...Gallout a ran sikour ac'hanoc'h ?,[f]...Can I help you?,[f]...Kann ich Ihnen helfen?,[f]...Posso te ajudar?,[f]...Posso aiutarti?,[f]...¿Puedo ayudarte?
SCHUCHTERNE_ACT_1_DIALOGUE_1_3,Euh... [f]j'ai dis une chose qu'il ne fallait pas ?,Um... [f]ha lavaret em eus un dra bennak fall ?,Um... [d]id I say something I shouldn't?,Ähm... habe ich etwas gesagt[V] was ich nicht sagen sollte?,Hum... eu disse algo que não deveria?,Uhm... [d]ho detto qualcosa che non dovrei?,Um... ¿Dije algo que no debería?
SCHUCHTERNE_ACT_1_DIALOGUE_1_4,[f]Désolé[V] je suis vraiment occupée alors… je vais retourner travailler,[f]Digarezit[V] oberiant-tre on neuze... Mont a ran en-dro d'al labour,[f]Sorry[V] I'm really busy so... I'm going to go back to work,[f]Tut mir leid[V] Ich bin sehr beschäftigt[V] also... werde ich mich wieder an die Arbeit machen,[f]Desculpe[V] Estou muito ocupado[V] então... vou voltar ao trabalho,[f]Scusa[V] Sono molto occupato[V] quindi... torno al lavoro,[f]Lo siento[V] Estoy muy ocupada así que... voy a volver a trabajar.
SCHUCHTERNE_ACT_1_DIALOGUE_2_1,"[f]...Vous devriez faire attention si vous vous aventurez trop dans cette direction
",[f]...Ret eo deoc'h bezañ war evezh ma'z it re bell en tu-se,"[f]...You should be careful if you venture too far in this direction
","[f]...Sie sollten vorsichtig sein[V] wenn Sie sich zu weit in diese Richtung wagen
","[f]...Você deve ter cuidado se se aventurar muito nessa direção
","[f]...Dovresti stare attento se ti avventuri troppo in questa direzione
","[f]...Debes tener cuidado si te aventuras demasiado en esta dirección
"
SCHUCHTERNE_ACT_1_DIALOGUE_2_2,"[f]Je[V][/f] hum ... [f]Bon courage
",[f]Me[V][/f] um...[f]Chañs vat deoc'h,"[f]I[V][/f] hum... [f]Good luck
","[f]Ich[V][/f] brumm... [f]Viel Glück
","[f]Eu[V][/f] hum... [f]Boa sorte
","[f]I[V][/f] canticchia... [f]Buona fortuna
","[f]I[V][/f] hum... [f]Buena suerte
"
SCHUCHTERNE_ACT_1_DIALOGUE_3_1,...Argh[V] [f] l'ombrage est complètement rater... ,...Argh[V] [f] ar skeudenniñ a zo manket penn-da-benn...,...Argh[V] [f] the shading is completely missed... ,...Argh[V] [f] die Schattierung fehlt komplett... ,...Argh[V] [f] o sombreamento está completamente perdido... ,...Argh[V] [f] l'ombreggiatura è completamente mancata... ,...Argh[V] [f] el sombreado se pierde por completo... 
SCHUCHTERNE_ACT_1_DIALOGUE_3_2,Snif [f] je vais faire une pause... le temps de récupérer de l'encre et de refaire ça...,Sniff[V] [f] emaon o vont da gemer un ehan... poent eo din kaout un tamm liv ha d'ober kement-mañ en-dro...,Snif [f] I'm going to take a break... time to get some ink and do this again...,Schnief [f] Ich mache eine Pause ... Zeit[V] etwas Tinte zu holen und das noch einmal zu tun ...,Snif [f] Vou fazer uma pausa... hora de pegar um pouco de tinta e fazer isso de novo...,Snif [f] Vado a prendermi una pausa... è il momento di prendere un po' di inchiostro e di farlo di nuovo...,Snif [f] Voy a tomar un descanso... es hora de conseguir un poco de tinta y hacer esto de nuevo...
VASAT_NAME,[#5b84c7]Vasat[/#],[#5b84c7]Vasat[/#],[#5b84c7]Vasat[/#],[#5b84c7]Vasat[/#],[#5b84c7]Vasat[/#],[#5b84c7]Vasat[/#],[#5b84c7]Vasat[/#]
VASAT_ACT_1_DIALOGUE_1_1,[f]Excusez moi[V] je suis occupé,[f]Digarezit[V] oberiant on,[f]Excuse me[V] I'm busy,[f]Entschuldigung[V] Ich bin beschäftigt,[f]Com licença[V] estou ocupado,[f]Scusate[V] Sono occupato,[f]Disculpe[V]Estoy ocupado
VASAT_ACT_1_DIALOGUE_1_2,[f]Je ne vous ai jamais vus ici...,[f]Biskoazh n'em eus gwelet ac'hanoc'h amañ...,[f]I've never seen you here...,[f]Ich habe dich hier noch nie gesehen...,[f]Eu nunca vi você aqui...,[f]Non ti ho mai visto qui...,[f]Nunca te había visto aquí...
VASAT_ACT_1_DIALOGUE_1_3,[f]Enfin[V] excusez moi[V] mais je n'ai pas de temps à vous accorder[V] je dois terminer la réparation de cette fontaine,[f]A-benn ar fin[V] digarezit ac'hanon[V] met n'em eus ket amzer da reiñ deoc'h[V] ret eo din echuiñ da dresañ ar feunteun-mañ,[f]Finally[V] excuse me[V] but I don't have time to give you[V] I have to finish repairing this fountain,[f]Abschließend[V] entschuldigen Sie mich[V][V] aber ich habe keine Zeit[V] Ihnen zu geben[V] Ich muss die Reparatur dieses Brunnens abschließen,[f]Finalmente[V] com licença[V] mas não tenho tempo para te dar[V] Tenho que terminar de consertar esta fonte,[f]Infine[V] scusatemi[V] ma non ho tempo da darvi[V] devo finire di riparare questa fontana,[f]Por último[V]disculpa[V]pero no tengo tiempo para dártelo[V]Tengo que terminar de reparar esta fuente
VASAT_ACT_1_DIALOGUE_1_4,[f]...Bonne journée,[f]...Deiz mat,[f]...Have a nice day,[f]...Ich wünsche Ihnen einen schönen Tag,[f]...Tenha um bom dia,[f]...Buona giornata,[f]...que tengas un buen día
VASAT_ACT_1_DIALOGUE_2_1,[f]La sortie d'eau ne m'as pas l'air encombré donc l'eau ne devrait plus avoir de problème pour sortir.,[f]Ne seblant ket din bezañ stanket an toull-dour[V] setu ne zlefe ket an dour kaout kudennoù evit mont er-maez ken.,[f]The water outlet doesn't seem clogged to me so the water should no longer have any problem getting out.,[f]Der Wasserauslass scheint mir nicht verstopft zu sein[V] daher sollte das Wasser keine Probleme mehr haben[V] herauszukommen.,[f]A saída de água não me parece entupida[V] então a água não deve mais ter problemas para sair.,[f]Lo scarico dell'acqua non mi sembra ostruito quindi l'acqua non dovrebbe più avere problemi a uscire.,[f]La salida de agua no me parece obstruida por lo que el agua ya no debería tener problemas para salir.
VASAT_ACT_1_DIALOGUE_2_2,[f]Un dernier coup d'œil au réservoir et tout devrait aller.,[f]Ur sell diwezhañ ouzh an tank ha pep tra a zlefe bezañ mat.,[f]One last look at the tank and everything should be fine.,[f]Ein letzter Blick auf den Tank und alles sollte in Ordnung sein.,[f]Uma última olhada no tanque e tudo ficará bem.,[f]Un'ultima occhiata al serbatoio e tutto dovrebbe andare bene.,[f] Una última mirada al tanque y todo debería estar bien.
VASAT_ACT_1_DIALOGUE_3_1,[f]Une fois la fontaine réparer[V] le bruit blanc de l'eau reviendra enfin.,[f]Ur wech kempennet ar feunteun e tistroio trouz gwenn an dour a-benn ar fin.,[f]Once the fountain is repaired[V] the white noise of the water will finally return.,[f]Sobald der Brunnen repariert ist[V] wird das weiße Rauschen des Wassers endlich zurückkehren.,[f]Assim que a fonte for consertada[V][V] o ruído branco da água finalmente retornará.,[f]Una volta riparata la fontana[V] tornerà finalmente il rumore bianco dell'acqua.,[f]Una vez reparada la fuente[V] el ruido blanco del agua finalmente volverá.
VASAT_ACT_1_DIALOGUE_4_1,[f]Je termine de regarder ça et je rejoint [SCHUCHTERNE_NAME] a la rivière,[f]Echuiñ a ran da sellet ouzh an dra-se ha mont a ran gant [SCHUCHTERNE_NAME] e-kichen ar stêr,[f]I finish watching this and join [SCHUCHTERNE_NAME] at the river,[f]Ich schaue mir das zu Ende an und geselle mich zu [SCHUCHTERNE_NAME] am Fluss,[f]Terminei de assistir e me juntei a [SCHUCHTERNE_NAME] no rio,[f]Finisco di guardare e raggiungo [SCHUCHTERNE_NAME] al fiume,[f] Termino de ver esto y me uno a [SCHUCHTERNE_NAME] en el río.
AZEL_NAME,[#808080]Azel[/#],[#808080]Azel[/#],[#808080]Azel[/#],[#808080]Azel[/#],[#808080]Azel[/#],[#808080]Azel[/#],[#808080]Azel[/#]
AZEL_ACT_1_DIALOGUE_1_1,[f]Mince[V] je crois que c’était un peux fort mon amis ,[f]Damn[V] Un tamm kreñv e oa[V] d'am soñj[V] ma mignoned,[f]Damn[V] I think it was a bit strong my friends ,[f]Verdammt[V] Ich glaube[V] es war ein bisschen stark[V] meine Freunde ,[f]Droga[V] Acho que foi um pouco forte[V] meus amigos ,[f]Dannazione[V] Penso che sia stato un po' forte amici miei ,[f]Maldición[V] Creo que fue un poco fuerte mis amigos 
AZEL_ACT_1_DIALOGUE_1_2,[f]Je peux te raccompagner le temps que tu te rétablisses si tu veux ?,"[f]Gallout a ran ho kas d'ar gêr e-keit ma'z oc'h pareet ma fell deoc'h ?",[f]I can take you home while you recover if you want?,[f]Ich kann dich nach Hause bringen[V] während du dich erholst[V] wenn du willst?,[f] Posso te levar para casa enquanto você se recupera[V] se quiser?,[f]Posso portarti a casa mentre ti riprendi[V] se vuoi?,[f] ¿Puedo llevarte a casa mientras te recuperas si quieres?
AZEL_ACT_1_DIALOGUE_2_1,[f]C’est pas contre toi Denez hein[V] mais si tu veux un conseil d’amis,[f]N'eo ket a-enep deoc'h Denez eh[V] met ma fell deoc'h kaout alioù digant mignoned,[f]It's not against you Denez eh[V] but if you want some advice from friends,[f]Es ist nicht gegen dich[V] Denez[V] eh[V] aber wenn du einen Rat von Freunden willst,[f]Não é contra você Denez eh[V] mas se você quiser algum conselho de amigos,[f]Non è contro di te Denez eh[V] ma se vuoi qualche consiglio dagli amici,[f]No es contra ti Denez eh[V] pero si quieres un consejo de tus amigos
AZEL_ACT_1_DIALOGUE_2_2,[f]Tu devrais aussi ralentir ta consommation,[f]Ret eo deoc'h ivez gorrekaat ho beveziñ,[f]You should also slow down your consumption,[f]Sie sollten auch Ihren Konsum verlangsamen,[f]Você também deve desacelerar seu consumo,[f]Dovresti anche rallentare i consumi,[f]También debes reducir el consumo
AZEL_ACT_1_DIALOGUE_2_3,[f]J’ai de très bon produits qui sont pourtant moins puissants[V] je te conseil de les tester à la place…,[f]Produioù mat-tre am eus ha n'int ket ken galloudus avat[V] a ali ac'hanoc'h da amprouiñ anezho kentoc'h...,[f]I have very good products which are however less powerful[V] I advise you to test them instead…,[f]Ich habe sehr gute Produkte[V] die allerdings weniger leistungsstark sind.[V]Ich empfehle Ihnen[V] sie stattdessen zu testen…,[f]Tenho produtos muito bons[V] porém menos potentes[V] Aconselho você a testá-los…,[f]Ho dei prodotti molto buoni ma meno potenti[V] Ti consiglio invece di provarli...,[f]Tengo productos muy buenos que[V] sin embargo[V] son menos potentes[V] Te aconsejo que los pruebes...
AZEL_ACT_1_DIALOGUE_3_1,[f]Il semble que mes informations sur le produit soit erroné[V] mes excuses[V] sincèrement,[f]War a seblant ez eo direizh titouroù diwar-benn ma produ[V] digarezit ac'hanon[V] a-greiz kalon,[f]It seems that my product information is incorrect[V] my apologies[V] sincerely,[f]Es scheint[V] dass meine Produktinformationen falsch sind.[V] Ich entschuldige mich aufrichtig.[V],[f]Parece que as informações do meu produto estão incorretas[V] minhas desculpas[V] sinceramente,[f]Sembra che le informazioni sul mio prodotto siano errate[V] le mie scuse[V] sinceramente,[f]Parece que la información de mi producto es incorrecta[V] mis disculpas[V] sinceramente
AZEL_ACT_1_DIALOGUE_3_2,Ho[V] [f]mais tu es toujours là toi ? ,Ho[V] [f]met emaoc'h c'hoazh amañ ?,Ho[V] [f]but are you still there? ,Ho[V][f]aber bist du noch da? ,Ho[V] [f]mas você ainda está aí? ,Ho[V] [f]ma sei ancora lì? ,Ho[V] [f]pero ¿sigues ahí? 
AZEL_ACT_1_DIALOGUE_3_3,[f]Serais-tu muet ou quelque chose du genre ? ,[f]Ha mut e vefec'h pe un dra bennak ?,[f]Would you be mute or something? ,[f]Würdest du stumm sein oder so? ,[f]Você ficaria mudo ou algo assim? ,[f]Saresti muto o qualcosa del genere? ,[f] ¿Estarías mudo o algo así? 
AZEL_ACT_1_DIALOGUE_3_4,"[f]J’imagine que oui[V] dans ce cas[V] n’hésite pas à passer à la boutique[V] j’aurais peut être ce qu’il te faut
",[f]Soñjal a ran[V] en degouezh-se[V] na zisoñjit ket mont da welet ar stal[V] marteze e vo ganin ar pezh hoc'h eus ezhomm,"[f]I imagine so[V] in this case[V] don’t hesitate to stop by the store[V] I might have what you need
","[f]Das kann ich mir vorstellen.[V] Zögern Sie in diesem Fall nicht[V] im Laden vorbeizuschauen.[V] Vielleicht habe ich das[V] was Sie brauchen
","[f]Imagino que sim[V] neste caso[V] não hesite em passar na loja[V] Posso ter o que você precisa
","[f]Immagino di sì[V] in questo caso[V] non esitare a passare in negozio[V] Potrei avere quello che ti serve
","[f]Me imagino que sí[V] en este caso[V] no dudes en pasarte por la tienda[V] Puede que tenga lo que necesitas
"
DENEZ_NAME,[#70477d]Denez[/#],[#70477d]Denez[/#],[#70477d]Denez[/#],[#70477d]Denez[/#],[#70477d]Dénez[/#],[#70477d]Denez[/#],[#70477d]Dénez[/#]
DENEZ_ACT_1_DIALOGUE_1_1,Euh... [f]Oui…,Uh...[f]Ya...,Um... [f]Yes...,Ähm... [f]Ja...,Hum... [f]Sim...,Ehm... [f]Sì...,Mmm... [f]Sí...
DENEZ_ACT_1_DIALOGUE_1_2,[f]Je ve.. [/f]*beuargh*,[f]C'hoant am eu.. [/f]*beuargh*,[f]I want.. [/f]*beuargh*,[f]Ich will.. [/f]*beuargh*,[f]Eu quero.. [/f]*beuargh*,[f]Voglio.. [/f]*beuargh*,[f]Quiero.. [/f]*beuargh*
DENEZ_ACT_1_DIALOGUE_2_1,*beuargh*,*beuargh*,*beuargh*,*beuargh*,*beuargh*,*beuargh*,*beuargh*
DENEZ_ACT_1_DIALOGUE_3_1,[f]C’est pas grav.. [/f]*beuargh*,[f]N'eus forzh ebe.. [/f]*beuargh*,[f]It’s not serious. [/f]*beuargh*,[f]Es ist nicht ernst. [/f]*beuargh*,[f]Não é sério. [/f]*beuargh*,[f]Non è serio. [/f]*beuargh*,[f]No es grave [/f]*beuargh*.